Date,DFF
2018-01-02 00:00:00+00:00,5.634920634920634e-05
2018-01-03 00:00:00+00:00,5.634920634920634e-05
2018-01-04 00:00:00+00:00,5.634920634920634e-05
2018-01-05 00:00:00+00:00,5.634920634920634e-05
2018-01-08 00:00:00+00:00,5.634920634920634e-05
2018-01-09 00:00:00+00:00,5.634920634920634e-05
2018-01-10 00:00:00+00:00,5.634920634920634e-05
2018-01-11 00:00:00+00:00,5.634920634920634e-05
2018-01-12 00:00:00+00:00,5.634920634920634e-05
2018-01-16 00:00:00+00:00,5.634920634920634e-05
2018-01-17 00:00:00+00:00,5.634920634920634e-05
2018-01-18 00:00:00+00:00,5.634920634920634e-05
2018-01-19 00:00:00+00:00,5.634920634920634e-05
2018-01-22 00:00:00+00:00,5.634920634920634e-05
2018-01-23 00:00:00+00:00,5.634920634920634e-05
2018-01-24 00:00:00+00:00,5.634920634920634e-05
2018-01-25 00:00:00+00:00,5.634920634920634e-05
2018-01-26 00:00:00+00:00,5.634920634920634e-05
2018-01-29 00:00:00+00:00,5.634920634920634e-05
2018-01-30 00:00:00+00:00,5.634920634920634e-05
2018-01-31 00:00:00+00:00,5.3174603174603176e-05
2018-02-01 00:00:00+00:00,5.634920634920634e-05
2018-02-02 00:00:00+00:00,5.634920634920634e-05
2018-02-05 00:00:00+00:00,5.634920634920634e-05
2018-02-06 00:00:00+00:00,5.634920634920634e-05
2018-02-07 00:00:00+00:00,5.634920634920634e-05
2018-02-08 00:00:00+00:00,5.634920634920634e-05
2018-02-09 00:00:00+00:00,5.634920634920634e-05
2018-02-12 00:00:00+00:00,5.634920634920634e-05
2018-02-13 00:00:00+00:00,5.634920634920634e-05
2018-02-14 00:00:00+00:00,5.634920634920634e-05
2018-02-15 00:00:00+00:00,5.634920634920634e-05
2018-02-16 00:00:00+00:00,5.634920634920634e-05
2018-02-20 00:00:00+00:00,5.634920634920634e-05
2018-02-21 00:00:00+00:00,5.634920634920634e-05
2018-02-22 00:00:00+00:00,5.634920634920634e-05
2018-02-23 00:00:00+00:00,5.634920634920634e-05
2018-02-26 00:00:00+00:00,5.634920634920634e-05
2018-02-27 00:00:00+00:00,5.634920634920634e-05
2018-02-28 00:00:00+00:00,5.3571428571428575e-05
2018-03-01 00:00:00+00:00,5.634920634920634e-05
2018-03-02 00:00:00+00:00,5.634920634920634e-05
2018-03-05 00:00:00+00:00,5.634920634920634e-05
2018-03-06 00:00:00+00:00,5.634920634920634e-05
2018-03-07 00:00:00+00:00,5.634920634920634e-05
2018-03-08 00:00:00+00:00,5.634920634920634e-05
2018-03-09 00:00:00+00:00,5.634920634920634e-05
2018-03-12 00:00:00+00:00,5.634920634920634e-05
2018-03-13 00:00:00+00:00,5.634920634920634e-05
2018-03-14 00:00:00+00:00,5.634920634920634e-05
2018-03-15 00:00:00+00:00,5.674603174603175e-05
2018-03-16 00:00:00+00:00,5.674603174603175e-05
2018-03-19 00:00:00+00:00,5.674603174603175e-05
2018-03-20 00:00:00+00:00,5.714285714285714e-05
2018-03-21 00:00:00+00:00,5.714285714285714e-05
2018-03-22 00:00:00+00:00,6.666666666666666e-05
2018-03-23 00:00:00+00:00,6.666666666666666e-05
2018-03-26 00:00:00+00:00,6.666666666666666e-05
2018-03-27 00:00:00+00:00,6.666666666666666e-05
2018-03-28 00:00:00+00:00,6.666666666666666e-05
2018-03-29 00:00:00+00:00,6.666666666666666e-05
2018-03-30 00:00:00+00:00,6.626984126984126e-05
2018-04-02 00:00:00+00:00,6.666666666666666e-05
2018-04-03 00:00:00+00:00,6.706349206349206e-05
2018-04-04 00:00:00+00:00,6.706349206349206e-05
2018-04-05 00:00:00+00:00,6.706349206349206e-05
2018-04-06 00:00:00+00:00,6.706349206349206e-05
2018-04-09 00:00:00+00:00,6.706349206349206e-05
2018-04-10 00:00:00+00:00,6.706349206349206e-05
2018-04-11 00:00:00+00:00,6.706349206349206e-05
2018-04-12 00:00:00+00:00,6.706349206349206e-05
2018-04-13 00:00:00+00:00,6.706349206349206e-05
2018-04-16 00:00:00+00:00,6.706349206349206e-05
2018-04-17 00:00:00+00:00,6.706349206349206e-05
2018-04-18 00:00:00+00:00,6.706349206349206e-05
2018-04-19 00:00:00+00:00,6.706349206349206e-05
2018-04-20 00:00:00+00:00,6.746031746031747e-05
2018-04-23 00:00:00+00:00,6.746031746031747e-05
2018-04-24 00:00:00+00:00,6.746031746031747e-05
2018-04-25 00:00:00+00:00,6.746031746031747e-05
2018-04-26 00:00:00+00:00,6.746031746031747e-05
2018-04-27 00:00:00+00:00,6.746031746031747e-05
2018-04-30 00:00:00+00:00,6.706349206349206e-05
2018-05-01 00:00:00+00:00,6.746031746031747e-05
2018-05-02 00:00:00+00:00,6.746031746031747e-05
2018-05-03 00:00:00+00:00,6.746031746031747e-05
2018-05-04 00:00:00+00:00,6.746031746031747e-05
2018-05-07 00:00:00+00:00,6.746031746031747e-05
2018-05-08 00:00:00+00:00,6.746031746031747e-05
2018-05-09 00:00:00+00:00,6.746031746031747e-05
2018-05-10 00:00:00+00:00,6.746031746031747e-05
2018-05-11 00:00:00+00:00,6.746031746031747e-05
2018-05-14 00:00:00+00:00,6.746031746031747e-05
2018-05-15 00:00:00+00:00,6.746031746031747e-05
2018-05-16 00:00:00+00:00,6.746031746031747e-05
2018-05-17 00:00:00+00:00,6.746031746031747e-05
2018-05-18 00:00:00+00:00,6.746031746031747e-05
2018-05-21 00:00:00+00:00,6.746031746031747e-05
2018-05-22 00:00:00+00:00,6.746031746031747e-05
2018-05-23 00:00:00+00:00,6.746031746031747e-05
2018-05-24 00:00:00+00:00,6.746031746031747e-05
2018-05-25 00:00:00+00:00,6.746031746031747e-05
2018-05-29 00:00:00+00:00,6.746031746031747e-05
2018-05-30 00:00:00+00:00,6.746031746031747e-05
2018-05-31 00:00:00+00:00,6.746031746031747e-05
2018-06-01 00:00:00+00:00,6.746031746031747e-05
2018-06-04 00:00:00+00:00,6.746031746031747e-05
2018-06-05 00:00:00+00:00,6.746031746031747e-05
2018-06-06 00:00:00+00:00,6.746031746031747e-05
2018-06-07 00:00:00+00:00,6.746031746031747e-05
2018-06-08 00:00:00+00:00,6.746031746031747e-05
2018-06-11 00:00:00+00:00,6.746031746031747e-05
2018-06-12 00:00:00+00:00,6.746031746031747e-05
2018-06-13 00:00:00+00:00,6.746031746031747e-05
2018-06-14 00:00:00+00:00,7.53968253968254e-05
2018-06-15 00:00:00+00:00,7.53968253968254e-05
2018-06-18 00:00:00+00:00,7.53968253968254e-05
2018-06-19 00:00:00+00:00,7.579365079365079e-05
2018-06-20 00:00:00+00:00,7.619047619047618e-05
2018-06-21 00:00:00+00:00,7.619047619047618e-05
2018-06-22 00:00:00+00:00,7.619047619047618e-05
2018-06-25 00:00:00+00:00,7.619047619047618e-05
2018-06-26 00:00:00+00:00,7.619047619047618e-05
2018-06-27 00:00:00+00:00,7.579365079365079e-05
2018-06-28 00:00:00+00:00,7.579365079365079e-05
2018-06-29 00:00:00+00:00,7.579365079365079e-05
2018-07-02 00:00:00+00:00,7.579365079365079e-05
2018-07-03 00:00:00+00:00,7.579365079365079e-05
2018-07-05 00:00:00+00:00,7.579365079365079e-05
2018-07-06 00:00:00+00:00,7.579365079365079e-05
2018-07-09 00:00:00+00:00,7.579365079365079e-05
2018-07-10 00:00:00+00:00,7.579365079365079e-05
2018-07-11 00:00:00+00:00,7.579365079365079e-05
2018-07-12 00:00:00+00:00,7.579365079365079e-05
2018-07-13 00:00:00+00:00,7.579365079365079e-05
2018-07-16 00:00:00+00:00,7.579365079365079e-05
2018-07-17 00:00:00+00:00,7.579365079365079e-05
2018-07-18 00:00:00+00:00,7.579365079365079e-05
2018-07-19 00:00:00+00:00,7.579365079365079e-05
2018-07-20 00:00:00+00:00,7.579365079365079e-05
2018-07-23 00:00:00+00:00,7.579365079365079e-05
2018-07-24 00:00:00+00:00,7.579365079365079e-05
2018-07-25 00:00:00+00:00,7.579365079365079e-05
2018-07-26 00:00:00+00:00,7.579365079365079e-05
2018-07-27 00:00:00+00:00,7.579365079365079e-05
2018-07-30 00:00:00+00:00,7.579365079365079e-05
2018-07-31 00:00:00+00:00,7.579365079365079e-05
2018-08-01 00:00:00+00:00,7.579365079365079e-05
2018-08-02 00:00:00+00:00,7.579365079365079e-05
2018-08-03 00:00:00+00:00,7.579365079365079e-05
2018-08-06 00:00:00+00:00,7.579365079365079e-05
2018-08-07 00:00:00+00:00,7.579365079365079e-05
2018-08-08 00:00:00+00:00,7.579365079365079e-05
2018-08-09 00:00:00+00:00,7.579365079365079e-05
2018-08-10 00:00:00+00:00,7.579365079365079e-05
2018-08-13 00:00:00+00:00,7.579365079365079e-05
2018-08-14 00:00:00+00:00,7.579365079365079e-05
2018-08-15 00:00:00+00:00,7.579365079365079e-05
2018-08-16 00:00:00+00:00,7.619047619047618e-05
2018-08-17 00:00:00+00:00,7.619047619047618e-05
2018-08-20 00:00:00+00:00,7.619047619047618e-05
2018-08-21 00:00:00+00:00,7.619047619047618e-05
2018-08-22 00:00:00+00:00,7.619047619047618e-05
2018-08-23 00:00:00+00:00,7.619047619047618e-05
2018-08-24 00:00:00+00:00,7.619047619047618e-05
2018-08-27 00:00:00+00:00,7.619047619047618e-05
2018-08-28 00:00:00+00:00,7.619047619047618e-05
2018-08-29 00:00:00+00:00,7.619047619047618e-05
2018-08-30 00:00:00+00:00,7.619047619047618e-05
2018-08-31 00:00:00+00:00,7.579365079365079e-05
2018-09-04 00:00:00+00:00,7.619047619047618e-05
2018-09-05 00:00:00+00:00,7.619047619047618e-05
2018-09-06 00:00:00+00:00,7.619047619047618e-05
2018-09-07 00:00:00+00:00,7.619047619047618e-05
2018-09-10 00:00:00+00:00,7.619047619047618e-05
2018-09-11 00:00:00+00:00,7.619047619047618e-05
2018-09-12 00:00:00+00:00,7.619047619047618e-05
2018-09-13 00:00:00+00:00,7.619047619047618e-05
2018-09-14 00:00:00+00:00,7.619047619047618e-05
2018-09-17 00:00:00+00:00,7.619047619047618e-05
2018-09-18 00:00:00+00:00,7.619047619047618e-05
2018-09-19 00:00:00+00:00,7.619047619047618e-05
2018-09-20 00:00:00+00:00,7.619047619047618e-05
2018-09-21 00:00:00+00:00,7.619047619047618e-05
2018-09-24 00:00:00+00:00,7.658730158730158e-05
2018-09-25 00:00:00+00:00,7.658730158730158e-05
2018-09-26 00:00:00+00:00,7.658730158730158e-05
2018-09-27 00:00:00+00:00,8.650793650793651e-05
2018-09-28 00:00:00+00:00,8.650793650793651e-05
2018-10-01 00:00:00+00:00,8.650793650793651e-05
2018-10-02 00:00:00+00:00,8.650793650793651e-05
2018-10-03 00:00:00+00:00,8.650793650793651e-05
2018-10-04 00:00:00+00:00,8.650793650793651e-05
2018-10-05 00:00:00+00:00,8.650793650793651e-05
2018-10-09 00:00:00+00:00,8.650793650793651e-05
2018-10-10 00:00:00+00:00,8.650793650793651e-05
2018-10-11 00:00:00+00:00,8.650793650793651e-05
2018-10-12 00:00:00+00:00,8.650793650793651e-05
2018-10-15 00:00:00+00:00,8.650793650793651e-05
2018-10-16 00:00:00+00:00,8.650793650793651e-05
2018-10-17 00:00:00+00:00,8.69047619047619e-05
2018-10-18 00:00:00+00:00,8.69047619047619e-05
2018-10-19 00:00:00+00:00,8.69047619047619e-05
2018-10-22 00:00:00+00:00,8.69047619047619e-05
2018-10-23 00:00:00+00:00,8.730158730158731e-05
2018-10-24 00:00:00+00:00,8.730158730158731e-05
2018-10-25 00:00:00+00:00,8.730158730158731e-05
2018-10-26 00:00:00+00:00,8.730158730158731e-05
2018-10-29 00:00:00+00:00,8.730158730158731e-05
2018-10-30 00:00:00+00:00,8.730158730158731e-05
2018-10-31 00:00:00+00:00,8.730158730158731e-05
2018-11-01 00:00:00+00:00,8.730158730158731e-05
2018-11-02 00:00:00+00:00,8.69047619047619e-05
2018-11-05 00:00:00+00:00,8.730158730158731e-05
2018-11-06 00:00:00+00:00,8.730158730158731e-05
2018-11-07 00:00:00+00:00,8.730158730158731e-05
2018-11-08 00:00:00+00:00,8.730158730158731e-05
2018-11-09 00:00:00+00:00,8.69047619047619e-05
2018-11-13 00:00:00+00:00,8.730158730158731e-05
2018-11-14 00:00:00+00:00,8.730158730158731e-05
2018-11-15 00:00:00+00:00,8.730158730158731e-05
2018-11-16 00:00:00+00:00,8.730158730158731e-05
2018-11-19 00:00:00+00:00,8.730158730158731e-05
2018-11-20 00:00:00+00:00,8.730158730158731e-05
2018-11-21 00:00:00+00:00,8.730158730158731e-05
2018-11-23 00:00:00+00:00,8.730158730158731e-05
2018-11-26 00:00:00+00:00,8.730158730158731e-05
2018-11-27 00:00:00+00:00,8.730158730158731e-05
2018-11-28 00:00:00+00:00,8.730158730158731e-05
2018-11-29 00:00:00+00:00,8.730158730158731e-05
2018-11-30 00:00:00+00:00,8.730158730158731e-05
2018-12-03 00:00:00+00:00,8.69047619047619e-05
2018-12-04 00:00:00+00:00,8.730158730158731e-05
2018-12-05 00:00:00+00:00,8.730158730158731e-05
2018-12-06 00:00:00+00:00,8.730158730158731e-05
2018-12-07 00:00:00+00:00,8.69047619047619e-05
2018-12-10 00:00:00+00:00,8.730158730158731e-05
2018-12-11 00:00:00+00:00,8.69047619047619e-05
2018-12-12 00:00:00+00:00,8.69047619047619e-05
2018-12-13 00:00:00+00:00,8.69047619047619e-05
2018-12-14 00:00:00+00:00,8.69047619047619e-05
2018-12-17 00:00:00+00:00,8.730158730158731e-05
2018-12-18 00:00:00+00:00,8.730158730158731e-05
2018-12-19 00:00:00+00:00,8.730158730158731e-05
2018-12-20 00:00:00+00:00,9.523809523809524e-05
2018-12-21 00:00:00+00:00,9.523809523809524e-05
2018-12-24 00:00:00+00:00,9.523809523809524e-05
2018-12-26 00:00:00+00:00,9.523809523809524e-05
2018-12-27 00:00:00+00:00,9.523809523809524e-05
2018-12-28 00:00:00+00:00,9.523809523809524e-05
2018-12-31 00:00:00+00:00,9.523809523809524e-05
2019-01-02 00:00:00+00:00,9.523809523809524e-05
2019-01-03 00:00:00+00:00,9.523809523809524e-05
2019-01-04 00:00:00+00:00,9.523809523809524e-05
2019-01-07 00:00:00+00:00,9.523809523809524e-05
2019-01-08 00:00:00+00:00,9.523809523809524e-05
2019-01-09 00:00:00+00:00,9.523809523809524e-05
2019-01-10 00:00:00+00:00,9.523809523809524e-05
2019-01-11 00:00:00+00:00,9.523809523809524e-05
2019-01-14 00:00:00+00:00,9.523809523809524e-05
2019-01-15 00:00:00+00:00,9.523809523809524e-05
2019-01-16 00:00:00+00:00,9.523809523809524e-05
2019-01-17 00:00:00+00:00,9.523809523809524e-05
2019-01-18 00:00:00+00:00,9.523809523809524e-05
2019-01-22 00:00:00+00:00,9.523809523809524e-05
2019-01-23 00:00:00+00:00,9.523809523809524e-05
2019-01-24 00:00:00+00:00,9.523809523809524e-05
2019-01-25 00:00:00+00:00,9.523809523809524e-05
2019-01-28 00:00:00+00:00,9.523809523809524e-05
2019-01-29 00:00:00+00:00,9.523809523809524e-05
2019-01-30 00:00:00+00:00,9.523809523809524e-05
2019-01-31 00:00:00+00:00,9.523809523809524e-05
2019-02-01 00:00:00+00:00,9.523809523809524e-05
2019-02-04 00:00:00+00:00,9.523809523809524e-05
2019-02-05 00:00:00+00:00,9.523809523809524e-05
2019-02-06 00:00:00+00:00,9.523809523809524e-05
2019-02-07 00:00:00+00:00,9.523809523809524e-05
2019-02-08 00:00:00+00:00,9.523809523809524e-05
2019-02-11 00:00:00+00:00,9.523809523809524e-05
2019-02-12 00:00:00+00:00,9.523809523809524e-05
2019-02-13 00:00:00+00:00,9.523809523809524e-05
2019-02-14 00:00:00+00:00,9.523809523809524e-05
2019-02-15 00:00:00+00:00,9.523809523809524e-05
2019-02-19 00:00:00+00:00,9.523809523809524e-05
2019-02-20 00:00:00+00:00,9.523809523809524e-05
2019-02-21 00:00:00+00:00,9.523809523809524e-05
2019-02-22 00:00:00+00:00,9.523809523809524e-05
2019-02-25 00:00:00+00:00,9.523809523809524e-05
2019-02-26 00:00:00+00:00,9.523809523809524e-05
2019-02-27 00:00:00+00:00,9.523809523809524e-05
2019-02-28 00:00:00+00:00,9.523809523809524e-05
2019-03-01 00:00:00+00:00,9.523809523809524e-05
2019-03-04 00:00:00+00:00,9.523809523809524e-05
2019-03-05 00:00:00+00:00,9.523809523809524e-05
2019-03-06 00:00:00+00:00,9.523809523809524e-05
2019-03-07 00:00:00+00:00,9.523809523809524e-05
2019-03-08 00:00:00+00:00,9.523809523809524e-05
2019-03-11 00:00:00+00:00,9.523809523809524e-05
2019-03-12 00:00:00+00:00,9.523809523809524e-05
2019-03-13 00:00:00+00:00,9.523809523809524e-05
2019-03-14 00:00:00+00:00,9.523809523809524e-05
2019-03-15 00:00:00+00:00,9.523809523809524e-05
2019-03-18 00:00:00+00:00,9.523809523809524e-05
2019-03-19 00:00:00+00:00,9.523809523809524e-05
2019-03-20 00:00:00+00:00,9.563492063492063e-05
2019-03-21 00:00:00+00:00,9.563492063492063e-05
2019-03-22 00:00:00+00:00,9.563492063492063e-05
2019-03-25 00:00:00+00:00,9.523809523809524e-05
2019-03-26 00:00:00+00:00,9.523809523809524e-05
2019-03-27 00:00:00+00:00,9.563492063492063e-05
2019-03-28 00:00:00+00:00,9.563492063492063e-05
2019-03-29 00:00:00+00:00,9.642857142857143e-05
2019-04-01 00:00:00+00:00,9.563492063492063e-05
2019-04-02 00:00:00+00:00,9.563492063492063e-05
2019-04-03 00:00:00+00:00,9.563492063492063e-05
2019-04-04 00:00:00+00:00,9.563492063492063e-05
2019-04-05 00:00:00+00:00,9.563492063492063e-05
2019-04-08 00:00:00+00:00,9.563492063492063e-05
2019-04-09 00:00:00+00:00,9.563492063492063e-05
2019-04-10 00:00:00+00:00,9.563492063492063e-05
2019-04-11 00:00:00+00:00,9.563492063492063e-05
2019-04-12 00:00:00+00:00,9.563492063492063e-05
2019-04-15 00:00:00+00:00,9.563492063492063e-05
2019-04-16 00:00:00+00:00,9.563492063492063e-05
2019-04-17 00:00:00+00:00,9.603174603174603e-05
2019-04-18 00:00:00+00:00,9.642857142857143e-05
2019-04-19 00:00:00+00:00,9.682539682539682e-05
2019-04-22 00:00:00+00:00,9.682539682539682e-05
2019-04-23 00:00:00+00:00,9.682539682539682e-05
2019-04-24 00:00:00+00:00,9.682539682539682e-05
2019-04-25 00:00:00+00:00,9.682539682539682e-05
2019-04-26 00:00:00+00:00,9.682539682539682e-05
2019-04-29 00:00:00+00:00,9.722222222222223e-05
2019-04-30 00:00:00+00:00,9.722222222222223e-05
2019-05-01 00:00:00+00:00,9.722222222222223e-05
2019-05-02 00:00:00+00:00,9.563492063492063e-05
2019-05-03 00:00:00+00:00,9.523809523809524e-05
2019-05-06 00:00:00+00:00,9.523809523809524e-05
2019-05-07 00:00:00+00:00,9.523809523809524e-05
2019-05-08 00:00:00+00:00,9.484126984126985e-05
2019-05-09 00:00:00+00:00,9.444444444444444e-05
2019-05-10 00:00:00+00:00,9.444444444444444e-05
2019-05-13 00:00:00+00:00,9.444444444444444e-05
2019-05-14 00:00:00+00:00,9.444444444444444e-05
2019-05-15 00:00:00+00:00,9.523809523809524e-05
2019-05-16 00:00:00+00:00,9.484126984126985e-05
2019-05-17 00:00:00+00:00,9.484126984126985e-05
2019-05-20 00:00:00+00:00,9.484126984126985e-05
2019-05-21 00:00:00+00:00,9.484126984126985e-05
2019-05-22 00:00:00+00:00,9.444444444444444e-05
2019-05-23 00:00:00+00:00,9.444444444444444e-05
2019-05-24 00:00:00+00:00,9.444444444444444e-05
2019-05-28 00:00:00+00:00,9.484126984126985e-05
2019-05-29 00:00:00+00:00,9.484126984126985e-05
2019-05-30 00:00:00+00:00,9.484126984126985e-05
2019-05-31 00:00:00+00:00,9.523809523809524e-05
2019-06-03 00:00:00+00:00,9.444444444444444e-05
2019-06-04 00:00:00+00:00,9.444444444444444e-05
2019-06-05 00:00:00+00:00,9.444444444444444e-05
2019-06-06 00:00:00+00:00,9.404761904761906e-05
2019-06-07 00:00:00+00:00,9.404761904761906e-05
2019-06-10 00:00:00+00:00,9.404761904761906e-05
2019-06-11 00:00:00+00:00,9.404761904761906e-05
2019-06-12 00:00:00+00:00,9.404761904761906e-05
2019-06-13 00:00:00+00:00,9.404761904761906e-05
2019-06-14 00:00:00+00:00,9.365079365079364e-05
2019-06-17 00:00:00+00:00,9.444444444444444e-05
2019-06-18 00:00:00+00:00,9.404761904761906e-05
2019-06-19 00:00:00+00:00,9.404761904761906e-05
2019-06-20 00:00:00+00:00,9.404761904761906e-05
2019-06-21 00:00:00+00:00,9.444444444444444e-05
2019-06-24 00:00:00+00:00,9.444444444444444e-05
2019-06-25 00:00:00+00:00,9.444444444444444e-05
2019-06-26 00:00:00+00:00,9.444444444444444e-05
2019-06-27 00:00:00+00:00,9.444444444444444e-05
2019-06-28 00:00:00+00:00,9.523809523809524e-05
2019-07-01 00:00:00+00:00,9.484126984126985e-05
2019-07-02 00:00:00+00:00,9.523809523809524e-05
2019-07-03 00:00:00+00:00,9.563492063492063e-05
2019-07-05 00:00:00+00:00,9.603174603174603e-05
2019-07-08 00:00:00+00:00,9.563492063492063e-05
2019-07-09 00:00:00+00:00,9.563492063492063e-05
2019-07-10 00:00:00+00:00,9.563492063492063e-05
2019-07-11 00:00:00+00:00,9.523809523809524e-05
2019-07-12 00:00:00+00:00,9.444444444444444e-05
2019-07-15 00:00:00+00:00,9.523809523809524e-05
2019-07-16 00:00:00+00:00,9.563492063492063e-05
2019-07-17 00:00:00+00:00,9.563492063492063e-05
2019-07-18 00:00:00+00:00,9.563492063492063e-05
2019-07-19 00:00:00+00:00,9.563492063492063e-05
2019-07-22 00:00:00+00:00,9.523809523809524e-05
2019-07-23 00:00:00+00:00,9.523809523809524e-05
2019-07-24 00:00:00+00:00,9.523809523809524e-05
2019-07-25 00:00:00+00:00,9.523809523809524e-05
2019-07-26 00:00:00+00:00,9.523809523809524e-05
2019-07-29 00:00:00+00:00,9.523809523809524e-05
2019-07-30 00:00:00+00:00,9.484126984126985e-05
2019-07-31 00:00:00+00:00,9.523809523809524e-05
2019-08-01 00:00:00+00:00,8.492063492063493e-05
2019-08-02 00:00:00+00:00,8.492063492063493e-05
2019-08-05 00:00:00+00:00,8.452380952380952e-05
2019-08-06 00:00:00+00:00,8.452380952380952e-05
2019-08-07 00:00:00+00:00,8.412698412698413e-05
2019-08-08 00:00:00+00:00,8.412698412698413e-05
2019-08-09 00:00:00+00:00,8.412698412698413e-05
2019-08-12 00:00:00+00:00,8.412698412698413e-05
2019-08-13 00:00:00+00:00,8.412698412698413e-05
2019-08-14 00:00:00+00:00,8.412698412698413e-05
2019-08-15 00:00:00+00:00,8.452380952380952e-05
2019-08-16 00:00:00+00:00,8.452380952380952e-05
2019-08-19 00:00:00+00:00,8.452380952380952e-05
2019-08-20 00:00:00+00:00,8.452380952380952e-05
2019-08-21 00:00:00+00:00,8.412698412698413e-05
2019-08-22 00:00:00+00:00,8.412698412698413e-05
2019-08-23 00:00:00+00:00,8.412698412698413e-05
2019-08-26 00:00:00+00:00,8.412698412698413e-05
2019-08-27 00:00:00+00:00,8.412698412698413e-05
2019-08-28 00:00:00+00:00,8.412698412698413e-05
2019-08-29 00:00:00+00:00,8.412698412698413e-05
2019-08-30 00:00:00+00:00,8.452380952380952e-05
2019-09-03 00:00:00+00:00,8.452380952380952e-05
2019-09-04 00:00:00+00:00,8.452380952380952e-05
2019-09-05 00:00:00+00:00,8.452380952380952e-05
2019-09-06 00:00:00+00:00,8.412698412698413e-05
2019-09-09 00:00:00+00:00,8.452380952380952e-05
2019-09-10 00:00:00+00:00,8.452380952380952e-05
2019-09-11 00:00:00+00:00,8.452380952380952e-05
2019-09-12 00:00:00+00:00,8.452380952380952e-05
2019-09-13 00:00:00+00:00,8.492063492063493e-05
2019-09-16 00:00:00+00:00,8.928571428571429e-05
2019-09-17 00:00:00+00:00,9.126984126984126e-05
2019-09-18 00:00:00+00:00,8.928571428571429e-05
2019-09-19 00:00:00+00:00,7.53968253968254e-05
2019-09-20 00:00:00+00:00,7.53968253968254e-05
2019-09-23 00:00:00+00:00,7.53968253968254e-05
2019-09-24 00:00:00+00:00,7.53968253968254e-05
2019-09-25 00:00:00+00:00,7.53968253968254e-05
2019-09-26 00:00:00+00:00,7.341269841269842e-05
2019-09-27 00:00:00+00:00,7.261904761904762e-05
2019-09-30 00:00:00+00:00,7.53968253968254e-05
2019-10-01 00:00:00+00:00,7.460317460317459e-05
2019-10-02 00:00:00+00:00,7.341269841269842e-05
2019-10-03 00:00:00+00:00,7.261904761904762e-05
2019-10-04 00:00:00+00:00,7.222222222222223e-05
2019-10-07 00:00:00+00:00,7.222222222222223e-05
2019-10-08 00:00:00+00:00,7.222222222222223e-05
2019-10-09 00:00:00+00:00,7.222222222222223e-05
2019-10-10 00:00:00+00:00,7.222222222222223e-05
2019-10-11 00:00:00+00:00,7.222222222222223e-05
2019-10-15 00:00:00+00:00,7.53968253968254e-05
2019-10-16 00:00:00+00:00,7.53968253968254e-05
2019-10-17 00:00:00+00:00,7.341269841269842e-05
2019-10-18 00:00:00+00:00,7.341269841269842e-05
2019-10-21 00:00:00+00:00,7.341269841269842e-05
2019-10-22 00:00:00+00:00,7.341269841269842e-05
2019-10-23 00:00:00+00:00,7.341269841269842e-05
2019-10-24 00:00:00+00:00,7.341269841269842e-05
2019-10-25 00:00:00+00:00,7.261904761904762e-05
2019-10-28 00:00:00+00:00,7.261904761904762e-05
2019-10-29 00:00:00+00:00,7.222222222222223e-05
2019-10-30 00:00:00+00:00,7.222222222222223e-05
2019-10-31 00:00:00+00:00,6.26984126984127e-05
2019-11-01 00:00:00+00:00,6.230158730158731e-05
2019-11-04 00:00:00+00:00,6.19047619047619e-05
2019-11-05 00:00:00+00:00,6.19047619047619e-05
2019-11-06 00:00:00+00:00,6.150793650793651e-05
2019-11-07 00:00:00+00:00,6.150793650793651e-05
2019-11-08 00:00:00+00:00,6.150793650793651e-05
2019-11-12 00:00:00+00:00,6.150793650793651e-05
2019-11-13 00:00:00+00:00,6.150793650793651e-05
2019-11-14 00:00:00+00:00,6.150793650793651e-05
2019-11-15 00:00:00+00:00,6.150793650793651e-05
2019-11-18 00:00:00+00:00,6.150793650793651e-05
2019-11-19 00:00:00+00:00,6.150793650793651e-05
2019-11-20 00:00:00+00:00,6.150793650793651e-05
2019-11-21 00:00:00+00:00,6.150793650793651e-05
2019-11-22 00:00:00+00:00,6.150793650793651e-05
2019-11-25 00:00:00+00:00,6.150793650793651e-05
2019-11-26 00:00:00+00:00,6.150793650793651e-05
2019-11-27 00:00:00+00:00,6.150793650793651e-05
2019-11-29 00:00:00+00:00,6.19047619047619e-05
2019-12-02 00:00:00+00:00,6.19047619047619e-05
2019-12-03 00:00:00+00:00,6.150793650793651e-05
2019-12-04 00:00:00+00:00,6.150793650793651e-05
2019-12-05 00:00:00+00:00,6.150793650793651e-05
2019-12-06 00:00:00+00:00,6.150793650793651e-05
2019-12-09 00:00:00+00:00,6.150793650793651e-05
2019-12-10 00:00:00+00:00,6.150793650793651e-05
2019-12-11 00:00:00+00:00,6.150793650793651e-05
2019-12-12 00:00:00+00:00,6.150793650793651e-05
2019-12-13 00:00:00+00:00,6.150793650793651e-05
2019-12-16 00:00:00+00:00,6.19047619047619e-05
2019-12-17 00:00:00+00:00,6.150793650793651e-05
2019-12-18 00:00:00+00:00,6.150793650793651e-05
2019-12-19 00:00:00+00:00,6.150793650793651e-05
2019-12-20 00:00:00+00:00,6.150793650793651e-05
2019-12-23 00:00:00+00:00,6.150793650793651e-05
2019-12-24 00:00:00+00:00,6.150793650793651e-05
2019-12-26 00:00:00+00:00,6.150793650793651e-05
2019-12-27 00:00:00+00:00,6.150793650793651e-05
2019-12-30 00:00:00+00:00,6.150793650793651e-05
2019-12-31 00:00:00+00:00,6.150793650793651e-05
2020-01-02 00:00:00+00:00,6.150793650793651e-05
2020-01-03 00:00:00+00:00,6.150793650793651e-05
2020-01-06 00:00:00+00:00,6.150793650793651e-05
2020-01-07 00:00:00+00:00,6.150793650793651e-05
2020-01-08 00:00:00+00:00,6.150793650793651e-05
2020-01-09 00:00:00+00:00,6.150793650793651e-05
2020-01-10 00:00:00+00:00,6.111111111111111e-05
2020-01-13 00:00:00+00:00,6.111111111111111e-05
2020-01-14 00:00:00+00:00,6.111111111111111e-05
2020-01-15 00:00:00+00:00,6.111111111111111e-05
2020-01-16 00:00:00+00:00,6.111111111111111e-05
2020-01-17 00:00:00+00:00,6.150793650793651e-05
2020-01-21 00:00:00+00:00,6.150793650793651e-05
2020-01-22 00:00:00+00:00,6.150793650793651e-05
2020-01-23 00:00:00+00:00,6.150793650793651e-05
2020-01-24 00:00:00+00:00,6.150793650793651e-05
2020-01-27 00:00:00+00:00,6.150793650793651e-05
2020-01-28 00:00:00+00:00,6.150793650793651e-05
2020-01-29 00:00:00+00:00,6.150793650793651e-05
2020-01-30 00:00:00+00:00,6.349206349206349e-05
2020-01-31 00:00:00+00:00,6.30952380952381e-05
2020-02-03 00:00:00+00:00,6.30952380952381e-05
2020-02-04 00:00:00+00:00,6.30952380952381e-05
2020-02-05 00:00:00+00:00,6.30952380952381e-05
2020-02-06 00:00:00+00:00,6.30952380952381e-05
2020-02-07 00:00:00+00:00,6.26984126984127e-05
2020-02-10 00:00:00+00:00,6.26984126984127e-05
2020-02-11 00:00:00+00:00,6.26984126984127e-05
2020-02-12 00:00:00+00:00,6.26984126984127e-05
2020-02-13 00:00:00+00:00,6.26984126984127e-05
2020-02-14 00:00:00+00:00,6.26984126984127e-05
2020-02-18 00:00:00+00:00,6.30952380952381e-05
2020-02-19 00:00:00+00:00,6.30952380952381e-05
2020-02-20 00:00:00+00:00,6.30952380952381e-05
2020-02-21 00:00:00+00:00,6.26984126984127e-05
2020-02-24 00:00:00+00:00,6.26984126984127e-05
2020-02-25 00:00:00+00:00,6.26984126984127e-05
2020-02-26 00:00:00+00:00,6.26984126984127e-05
2020-02-27 00:00:00+00:00,6.26984126984127e-05
2020-02-28 00:00:00+00:00,6.26984126984127e-05
2020-03-02 00:00:00+00:00,6.30952380952381e-05
2020-03-03 00:00:00+00:00,6.30952380952381e-05
2020-03-04 00:00:00+00:00,4.3253968253968256e-05
2020-03-05 00:00:00+00:00,4.3253968253968256e-05
2020-03-06 00:00:00+00:00,4.3253968253968256e-05
2020-03-09 00:00:00+00:00,4.3253968253968256e-05
2020-03-10 00:00:00+00:00,4.3253968253968256e-05
2020-03-11 00:00:00+00:00,4.3253968253968256e-05
2020-03-12 00:00:00+00:00,4.3650793650793655e-05
2020-03-13 00:00:00+00:00,4.3650793650793655e-05
2020-03-16 00:00:00+00:00,9.92063492063492e-06
2020-03-17 00:00:00+00:00,9.92063492063492e-06
2020-03-18 00:00:00+00:00,9.92063492063492e-06
2020-03-19 00:00:00+00:00,7.936507936507936e-06
2020-03-20 00:00:00+00:00,5.9523809523809525e-06
2020-03-23 00:00:00+00:00,5.9523809523809525e-06
