Date,Open,High,Low,Close,Adj Close,Volume,Daily_Returns
2018-01-02,2683.72998046875,2695.889892578125,2682.360107421875,2695.81005859375,2695.81005859375,3397430000,
2018-01-03,2697.85009765625,2714.3701171875,2697.77001953125,2713.06005859375,2713.06005859375,3544030000,0.006398818768781567
2018-01-04,2719.31005859375,2729.2900390625,2719.070068359375,2723.989990234375,2723.989990234375,3697340000,0.004028636080503967
2018-01-05,2731.330078125,2743.449951171875,2727.919921875,2743.14990234375,2743.14990234375,3239280000,0.007033767443369587
2018-01-08,2742.669921875,2748.510009765625,2737.60009765625,2747.7099609375,2747.7099609375,3246160000,0.0016623439316436617
2018-01-09,2751.14990234375,2759.139892578125,2747.860107421875,2751.2900390625,2751.2900390625,3467460000,0.0013029315960912946
2018-01-10,2745.550048828125,2750.800048828125,2736.06005859375,2748.22998046875,2748.22998046875,3579900000,-0.0011122268282528491
2018-01-11,2752.969970703125,2767.56005859375,2752.780029296875,2767.56005859375,2767.56005859375,3645690000,0.007033646478779465
2018-01-12,2770.179931640625,2787.85009765625,2769.639892578125,2786.239990234375,2786.239990234375,3587220000,0.006749602987881076
2018-01-16,2798.9599609375,2807.5400390625,2768.639892578125,2776.419921875,2776.419921875,4362880000,-0.003524487622672101
2018-01-17,2784.989990234375,2807.0400390625,2778.3798828125,2802.56005859375,2802.56005859375,3790340000,0.009415051560751175
2018-01-18,2802.39990234375,2805.830078125,2792.56005859375,2798.030029296875,2798.030029296875,3703300000,-0.0016163897301626484
2018-01-19,2802.60009765625,2810.330078125,2798.080078125,2810.300048828125,2810.300048828125,3724230000,0.004385235112838837
2018-01-22,2809.159912109375,2833.030029296875,2808.1201171875,2832.969970703125,2832.969970703125,3489480000,0.008066726499347698
2018-01-23,2835.050048828125,2842.239990234375,2830.590087890625,2839.1298828125,2839.1298828125,3541140000,0.0021743654797181655
2018-01-24,2845.419921875,2852.969970703125,2824.81005859375,2837.5400390625,2837.5400390625,4079270000,-0.0005599757022828333
2018-01-25,2846.239990234375,2848.56005859375,2830.93994140625,2839.25,2839.25,3873100000,0.0006026209018938911
2018-01-26,2847.47998046875,2872.8701171875,2846.179931640625,2872.8701171875,2872.8701171875,3474680000,0.011841196508761032
2018-01-29,2867.22998046875,2870.6201171875,2851.47998046875,2853.530029296875,2853.530029296875,3587420000,-0.006731974332887192
2018-01-30,2832.739990234375,2837.75,2818.27001953125,2822.429931640625,2822.429931640625,4012070000,-0.010898815620283941
2018-01-31,2832.409912109375,2839.260009765625,2813.0400390625,2823.81005859375,2823.81005859375,4276270000,0.0004889853730833948
2018-02-01,2816.449951171875,2835.9599609375,2812.699951171875,2821.97998046875,2821.97998046875,3977380000,-0.0006480882520516484
2018-02-02,2808.919921875,2808.919921875,2759.969970703125,2762.1298828125,2762.1298828125,4340220000,-0.02120854792396809
2018-02-05,2741.06005859375,2763.389892578125,2638.169921875,2648.93994140625,2648.93994140625,5310840000,-0.04097922480422822
2018-02-06,2614.780029296875,2701.0400390625,2593.070068359375,2695.139892578125,2695.139892578125,5917350000,0.017440920592313836
2018-02-07,2690.949951171875,2727.669921875,2681.330078125,2681.659912109375,2681.659912109375,4646300000,-0.005001588416939429
2018-02-08,2685.010009765625,2685.27001953125,2580.56005859375,2581.0,2581.0,5333840000,-0.03753641975808808
2018-02-09,2601.780029296875,2638.669921875,2532.68994140625,2619.550048828125,2619.550048828125,5690110000,0.014936090208494734
2018-02-12,2636.75,2672.610107421875,2622.449951171875,2656.0,2656.0,4069220000,0.013914584754042503
2018-02-13,2646.27001953125,2668.840087890625,2637.080078125,2662.93994140625,2662.93994140625,3503540000,0.0026129297463290957
2018-02-14,2651.2099609375,2702.10009765625,2648.8701171875,2698.6298828125,2698.6298828125,4011940000,0.013402458257245842
2018-02-15,2713.4599609375,2731.510009765625,2689.820068359375,2731.199951171875,2731.199951171875,3696140000,0.012069112762299383
2018-02-16,2727.139892578125,2754.419921875,2725.110107421875,2732.219970703125,2732.219970703125,3646920000,0.0003734693722488025
2018-02-20,2722.989990234375,2737.60009765625,2706.760009765625,2716.260009765625,2716.260009765625,3646920000,-0.005841389459353419
2018-02-21,2720.530029296875,2747.75,2701.2900390625,2701.330078125,2701.330078125,3789040000,-0.0054965031281792864
2018-02-22,2710.419921875,2731.260009765625,2697.77001953125,2703.9599609375,2703.9599609375,3720620000,0.0009735510790762625
2018-02-23,2715.800048828125,2747.760009765625,2713.739990234375,2747.300048828125,2747.300048828125,3200360000,0.01602837635051313
2018-02-26,2757.3701171875,2780.639892578125,2753.780029296875,2779.60009765625,2779.60009765625,3436590000,0.011757015343810906
2018-02-27,2780.449951171875,2789.14990234375,2744.219970703125,2744.280029296875,2744.280029296875,3752070000,-0.012706888443829278
2018-02-28,2753.780029296875,2761.52001953125,2713.5400390625,2713.830078125,2713.830078125,4244570000,-0.011095788639207016
2018-03-01,2715.219970703125,2730.889892578125,2659.64990234375,2677.669921875,2677.669921875,4514490000,-0.013324399541987275
2018-03-02,2658.889892578125,2696.25,2647.320068359375,2691.25,2691.25,3891250000,0.005071602744632031
2018-03-05,2681.06005859375,2728.090087890625,2675.75,2720.93994140625,2720.93994140625,3733640000,0.011032026532745043
2018-03-06,2730.179931640625,2732.080078125,2711.260009765625,2728.1201171875,2728.1201171875,3389030000,0.002638858606169414
2018-03-07,2710.179931640625,2730.60009765625,2701.739990234375,2726.800048828125,2726.800048828125,3406690000,-0.00048387472056610203
2018-03-08,2732.75,2740.449951171875,2722.64990234375,2738.969970703125,2738.969970703125,3206040000,0.004463078207817217
2018-03-09,2752.909912109375,2786.570068359375,2751.5400390625,2786.570068359375,2786.570068359375,3376870000,0.01737883151892694
2018-03-12,2790.5400390625,2796.97998046875,2779.260009765625,2783.02001953125,2783.02001953125,3216960000,-0.001273985129042532
2018-03-13,2792.31005859375,2801.89990234375,2758.679931640625,2765.31005859375,2765.31005859375,3324290000,-0.006363576551088879
2018-03-14,2774.06005859375,2777.110107421875,2744.3798828125,2749.47998046875,2749.47998046875,3394630000,-0.005724521948562322
2018-03-15,2754.27001953125,2763.030029296875,2741.469970703125,2747.330078125,2747.330078125,3543710000,-0.000781930531963182
2018-03-16,2750.570068359375,2761.85009765625,2749.969970703125,2752.010009765625,2752.010009765625,5429140000,0.001703447167811456
2018-03-19,2741.3798828125,2741.3798828125,2694.590087890625,2712.919921875,2712.919921875,3327460000,-0.014204195388793028
2018-03-20,2715.050048828125,2724.219970703125,2710.050048828125,2716.93994140625,2716.93994140625,3272590000,0.0014818054520648882
2018-03-21,2714.989990234375,2739.139892578125,2709.7900390625,2711.929931640625,2711.929931640625,3434780000,-0.0018439898833508828
2018-03-22,2691.360107421875,2695.679931640625,2641.590087890625,2643.68994140625,2643.68994140625,3765460000,-0.025162888405856454
2018-03-23,2646.7099609375,2657.669921875,2585.889892578125,2588.260009765625,2588.260009765625,3829380000,-0.02096688071186603
2018-03-26,2619.35009765625,2661.360107421875,2601.81005859375,2658.550048828125,2658.550048828125,3538080000,0.02715725576151251
2018-03-27,2667.570068359375,2674.780029296875,2596.1201171875,2612.6201171875,2612.6201171875,3761320000,-0.017276308813847896
2018-03-28,2611.300048828125,2632.64990234375,2593.06005859375,2605.0,2605.0,3875720000,-0.00291665716625622
2018-03-29,2614.409912109375,2659.070068359375,2609.719970703125,2640.8701171875,2640.8701171875,3572360000,0.013769718690019195
2018-04-02,2633.449951171875,2638.300048828125,2553.800048828125,2581.8798828125,2581.8798828125,3635780000,-0.022337423560165104
2018-04-03,2592.169921875,2619.139892578125,2575.489990234375,2614.449951171875,2614.449951171875,3395840000,0.012614865848792123
2018-04-04,2584.0400390625,2649.860107421875,2573.610107421875,2644.68994140625,2644.68994140625,3369230000,0.01156648273982852
2018-04-05,2657.360107421875,2672.080078125,2649.580078125,2662.840087890625,2662.840087890625,3230430000,0.0068628636575538415
2018-04-06,2645.820068359375,2656.8798828125,2586.27001953125,2604.469970703125,2604.469970703125,3312390000,-0.021920248779842444
2018-04-09,2617.179931640625,2653.550048828125,2610.7900390625,2613.159912109375,2613.159912109375,3076140000,0.0033365488963206236
2018-04-10,2638.409912109375,2665.449951171875,2635.780029296875,2656.8701171875,2656.8701171875,3579130000,0.0167269537832615
2018-04-11,2643.889892578125,2661.429931640625,2639.25,2642.18994140625,2642.18994140625,3054520000,-0.005525364482924067
2018-04-12,2653.830078125,2674.719970703125,2653.830078125,2663.989990234375,2663.989990234375,3045330000,0.008250750063987677
2018-04-13,2676.89990234375,2680.260009765625,2645.050048828125,2656.300048828125,2656.300048828125,2988540000,-0.0028866254882486952
2018-04-16,2670.10009765625,2686.489990234375,2665.159912109375,2677.840087890625,2677.840087890625,3020740000,0.008109038386684864
2018-04-17,2692.739990234375,2713.340087890625,2692.050048828125,2706.389892578125,2706.389892578125,3286190000,0.010661504701720004
2018-04-18,2710.110107421875,2717.489990234375,2703.6298828125,2708.639892578125,2708.639892578125,3412030000,0.0008313658006817715
2018-04-19,2701.159912109375,2702.840087890625,2681.89990234375,2693.1298828125,2693.1298828125,3375120000,-0.005726124690152989
2018-04-20,2692.56005859375,2693.93994140625,2660.610107421875,2670.139892578125,2670.139892578125,3428260000,-0.00853653230061302
2018-04-23,2675.39990234375,2682.860107421875,2657.989990234375,2670.2900390625,2670.2900390625,3030390000,5.623169212687351e-05
2018-04-24,2680.800048828125,2683.550048828125,2617.320068359375,2634.56005859375,2634.56005859375,3716020000,-0.01338056164164636
2018-04-25,2634.919921875,2645.300048828125,2612.669921875,2639.39990234375,2639.39990234375,3563680000,0.001837059563023713
2018-04-26,2651.64990234375,2676.47998046875,2647.159912109375,2666.93994140625,2666.93994140625,3690920000,0.010434204774367295
2018-04-27,2675.469970703125,2677.35009765625,2659.010009765625,2669.909912109375,2669.909912109375,3234510000,0.0011136248915897262
2018-04-30,2682.510009765625,2682.8701171875,2648.0400390625,2648.050048828125,2648.050048828125,3749510000,-0.008187490964434607
2018-05-01,2642.9599609375,2655.27001953125,2625.409912109375,2654.800048828125,2654.800048828125,3562820000,0.0025490454770622506
2018-05-02,2654.239990234375,2660.8701171875,2631.699951171875,2635.669921875,2635.669921875,4047020000,-0.007205863568357729
2018-05-03,2628.080078125,2637.139892578125,2594.6201171875,2629.72998046875,2629.72998046875,3867530000,-0.0022536742393085563
2018-05-04,2621.449951171875,2670.929931640625,2615.320068359375,2663.419921875,2663.419921875,3335260000,0.012811178963797909
2018-05-07,2680.340087890625,2683.35009765625,2664.699951171875,2672.6298828125,2672.6298828125,3266810000,0.0034579455015175675
2018-05-08,2670.260009765625,2676.340087890625,2655.199951171875,2671.919921875,2671.919921875,3745100000,-0.0002656413228280252
2018-05-09,2678.1201171875,2701.27001953125,2674.139892578125,2697.7900390625,2697.7900390625,3913650000,0.009682220255068819
2018-05-10,2705.02001953125,2726.110107421875,2704.5400390625,2723.070068359375,2723.070068359375,3380640000,0.009370643723504823
2018-05-11,2722.699951171875,2732.860107421875,2717.449951171875,2727.719970703125,2727.719970703125,2874850000,0.0017075955546570487
2018-05-14,2738.469970703125,2742.10009765625,2725.469970703125,2730.1298828125,2730.1298828125,2994360000,0.0008834895573073265
2018-05-15,2718.590087890625,2718.590087890625,2701.909912109375,2711.449951171875,2711.449951171875,3291190000,-0.006842140279927467
2018-05-16,2712.6201171875,2727.760009765625,2712.169921875,2722.4599609375,2722.4599609375,3248480000,0.004060561678767671
2018-05-17,2719.7099609375,2731.9599609375,2711.360107421875,2720.1298828125,2720.1298828125,3478150000,-0.0008558723207806596
2018-05-18,2717.35009765625,2719.5,2709.179931640625,2712.969970703125,2712.969970703125,3383270000,-0.00263219493841671
2018-05-21,2735.389892578125,2739.18994140625,2725.699951171875,2733.010009765625,2733.010009765625,3053480000,0.007386752997235124
2018-05-22,2738.340087890625,2742.239990234375,2721.8798828125,2724.43994140625,2724.43994140625,3384140000,-0.0031357617896576873
2018-05-23,2713.97998046875,2733.330078125,2709.5400390625,2733.2900390625,2733.2900390625,3333160000,0.0032484098921563564
2018-05-24,2730.93994140625,2731.969970703125,2707.3798828125,2727.760009765625,2727.760009765625,3285750000,-0.002023213496498033
2018-05-25,2723.60009765625,2727.360107421875,2714.989990234375,2721.330078125,2721.330078125,3015260000,-0.0023572204364039617
2018-05-29,2705.110107421875,2710.669921875,2676.81005859375,2689.860107421875,2689.860107421875,3743310000,-0.011564187290653005
2018-05-30,2702.429931640625,2729.340087890625,2702.429931640625,2724.010009765625,2724.010009765625,3566490000,0.012695791223314323
2018-05-31,2720.97998046875,2722.5,2700.679931640625,2705.27001953125,2705.27001953125,4241100000,-0.006879559974886984
2018-06-01,2718.699951171875,2736.929931640625,2718.699951171875,2734.6201171875,2734.6201171875,3694310000,0.010849230370481022
2018-06-04,2741.669921875,2749.159912109375,2740.5400390625,2746.8701171875,2746.8701171875,3410090000,0.004479598435997323
2018-06-05,2748.4599609375,2752.610107421875,2739.510009765625,2748.800048828125,2748.800048828125,3523550000,0.0007025929724704394
2018-06-06,2753.25,2772.389892578125,2748.4599609375,2772.35009765625,2772.35009765625,3662780000,0.008567392465728796
2018-06-07,2774.840087890625,2779.89990234375,2760.159912109375,2770.3701171875,2770.3701171875,3742080000,-0.0007141884679080501
2018-06-08,2765.840087890625,2779.389892578125,2763.590087890625,2779.030029296875,2779.030029296875,3138850000,0.0031259043893263616
2018-06-11,2780.179931640625,2790.2099609375,2780.169921875,2782.0,2782.0,3262130000,0.001068707668436586
2018-06-12,2785.60009765625,2789.800048828125,2778.780029296875,2786.85009765625,2786.85009765625,3435700000,0.0017433852107295866
2018-06-13,2787.93994140625,2791.469970703125,2774.64990234375,2775.6298828125,2775.6298828125,3820770000,-0.004026127868587581
2018-06-14,2783.2099609375,2789.06005859375,2776.52001953125,2782.489990234375,2782.489990234375,3540930000,0.002471549778432225
2018-06-15,2777.780029296875,2782.81005859375,2761.72998046875,2779.659912109375,2779.659912109375,5451990000,-0.001017102715529128
2018-06-18,2765.7900390625,2774.989990234375,2757.1201171875,2773.75,2773.75,3316120000,-0.0021261277624751163
2018-06-19,2752.010009765625,2765.050048828125,2743.18994140625,2762.590087890625,2762.590087890625,3671160000,-0.004023402292699374
2018-06-20,2769.72998046875,2774.860107421875,2763.909912109375,2767.320068359375,2767.320068359375,3332140000,0.0017121542893689945
2018-06-21,2769.280029296875,2769.280029296875,2744.389892578125,2749.760009765625,2749.760009765625,3336580000,-0.006345510515579966
2018-06-22,2760.7900390625,2764.169921875,2752.679931640625,2754.8798828125,2754.8798828125,5468110000,0.0018619345065358228
2018-06-25,2742.93994140625,2742.93994140625,2698.669921875,2717.070068359375,2717.070068359375,3663280000,-0.013724668973416176
2018-06-26,2722.1201171875,2732.909912109375,2715.60009765625,2723.06005859375,2723.06005859375,3568900000,0.0022045770199778936
2018-06-27,2728.449951171875,2746.090087890625,2699.3798828125,2699.6298828125,2699.6298828125,3803990000,-0.008604355128821406
2018-06-28,2698.68994140625,2724.340087890625,2691.989990234375,2716.31005859375,2716.31005859375,3461100000,0.00617868985946779
2018-06-29,2727.1298828125,2743.260009765625,2718.030029296875,2718.3701171875,2718.3701171875,3586800000,0.0007584033300001014
2018-07-02,2704.949951171875,2727.260009765625,2698.949951171875,2726.7099609375,2726.7099609375,3095040000,0.003067957412152822
2018-07-03,2733.27001953125,2736.580078125,2711.159912109375,2713.219970703125,2713.219970703125,1911460000,-0.00494735062681062
2018-07-05,2724.18994140625,2737.830078125,2716.02001953125,2736.610107421875,2736.610107421875,2980160000,0.008620803683929923
2018-07-06,2737.679931640625,2764.409912109375,2733.52001953125,2759.820068359375,2759.820068359375,2590250000,0.008481281595267509
2018-07-09,2775.6201171875,2784.64990234375,2770.72998046875,2784.169921875,2784.169921875,3070060000,0.008822985887663393
2018-07-10,2788.56005859375,2795.580078125,2786.239990234375,2793.840087890625,2793.840087890625,3080140000,0.003473267180873929
2018-07-11,2779.820068359375,2785.909912109375,2770.77001953125,2774.02001953125,2774.02001953125,2986180000,-0.007094202866256172
2018-07-12,2783.139892578125,2799.219970703125,2781.530029296875,2798.2900390625,2798.2900390625,2834230000,0.008749042674663476
2018-07-13,2796.929931640625,2804.530029296875,2791.68994140625,2801.31005859375,2801.31005859375,2619790000,0.0010792374947172778
2018-07-16,2797.360107421875,2801.18994140625,2793.389892578125,2798.429931640625,2798.429931640625,2819860000,-0.001028135726814483
2018-07-17,2789.340087890625,2814.18994140625,2789.239990234375,2809.550048828125,2809.550048828125,3064920000,0.00397369863071062
2018-07-18,2811.35009765625,2816.760009765625,2805.889892578125,2815.6201171875,2815.6201171875,3111560000,0.0021605126279586884
2018-07-19,2809.3701171875,2812.050048828125,2799.77001953125,2804.489990234375,2804.489990234375,3278360000,-0.003952993120479142
2018-07-20,2804.550048828125,2809.699951171875,2800.010009765625,2801.830078125,2801.830078125,3243250000,-0.0009484477101494582
2018-07-23,2799.169921875,2808.610107421875,2795.139892578125,2806.97998046875,2806.97998046875,2928490000,0.0018380494891383492
2018-07-24,2820.679931640625,2829.989990234375,2811.1201171875,2820.39990234375,2820.39990234375,3430410000,0.004780911145920941
2018-07-25,2817.72998046875,2848.030029296875,2817.72998046875,2846.070068359375,2846.070068359375,3584400000,0.009101605057599604
2018-07-26,2835.489990234375,2845.570068359375,2835.260009765625,2837.43994140625,2837.43994140625,3667290000,-0.0030322960242857855
2018-07-27,2842.35009765625,2843.169921875,2808.340087890625,2818.820068359375,2818.820068359375,3434370000,-0.00656220869212365
2018-07-30,2819.0,2821.739990234375,2798.110107421875,2802.60009765625,2802.60009765625,3261190000,-0.005754170294581917
2018-07-31,2809.72998046875,2824.4599609375,2808.06005859375,2816.2900390625,2816.2900390625,3906890000,0.004884728797982518
2018-08-01,2821.169921875,2825.830078125,2805.85009765625,2813.360107421875,2813.360107421875,3501350000,-0.0010403515262938923
2018-08-02,2800.47998046875,2829.909912109375,2796.340087890625,2827.219970703125,2827.219970703125,3501380000,0.004926444803381669
2018-08-03,2829.6201171875,2840.3798828125,2827.3701171875,2840.35009765625,2840.35009765625,3043690000,0.004644183009877123
2018-08-06,2840.2900390625,2853.2900390625,2835.97998046875,2850.39990234375,2850.39990234375,2879020000,0.003538227451535869
2018-08-07,2855.919921875,2863.429931640625,2855.919921875,2858.449951171875,2858.449951171875,3185440000,0.0028241822564987196
2018-08-08,2856.7900390625,2862.43994140625,2853.090087890625,2857.699951171875,2857.699951171875,2978070000,-0.0002623799656497061
2018-08-09,2857.18994140625,2862.47998046875,2851.97998046875,2853.580078125,2853.580078125,3066180000,-0.0014416744645237012
2018-08-10,2838.89990234375,2842.199951171875,2825.81005859375,2833.280029296875,2833.280029296875,3265590000,-0.007113887913551609
2018-08-13,2835.4599609375,2843.39990234375,2819.8798828125,2821.929931640625,2821.929931640625,3173630000,-0.004005992185342366
2018-08-14,2827.8798828125,2843.110107421875,2826.580078125,2839.9599609375,2839.9599609375,2986500000,0.006389254777276809
2018-08-15,2827.949951171875,2827.949951171875,2802.489990234375,2818.3701171875,2818.3701171875,3656680000,-0.007602164835758152
2018-08-16,2831.43994140625,2850.489990234375,2831.43994140625,2840.68994140625,2840.68994140625,3232000000,0.007919408484583057
2018-08-17,2838.320068359375,2855.6298828125,2833.72998046875,2850.1298828125,2850.1298828125,3037640000,0.0033231157222237684
2018-08-20,2853.929931640625,2859.760009765625,2850.6201171875,2857.050048828125,2857.050048828125,2757150000,0.0024280177746833775
2018-08-21,2861.510009765625,2873.22998046875,2861.320068359375,2862.9599609375,2862.9599609375,3174010000,0.0020685364303643095
2018-08-22,2860.989990234375,2867.5400390625,2856.050048828125,2861.820068359375,2861.820068359375,2701250000,-0.0003981517707819515
2018-08-23,2860.2900390625,2868.780029296875,2854.030029296875,2856.97998046875,2856.97998046875,2724450000,-0.0016912621251551352
2018-08-24,2862.35009765625,2876.159912109375,2862.35009765625,2874.68994140625,2874.68994140625,2603010000,0.006198839704363079
2018-08-27,2884.68994140625,2898.25,2884.68994140625,2896.739990234375,2896.739990234375,2865070000,0.007670409427647185
2018-08-28,2901.449951171875,2903.77001953125,2893.5,2897.52001953125,2897.52001953125,2687770000,0.00026927832649970007
2018-08-29,2900.6201171875,2916.5,2898.39990234375,2914.0400390625,2914.0400390625,2805520000,0.005701434129840033
2018-08-30,2908.93994140625,2912.4599609375,2895.219970703125,2901.1298828125,2901.1298828125,2810450000,-0.004430329054144866
2018-08-31,2898.3701171875,2906.320068359375,2891.72998046875,2901.52001953125,2901.52001953125,2887220000,0.00013447750859452157
2018-09-04,2896.9599609375,2900.179931640625,2885.1298828125,2896.719970703125,2896.719970703125,3087420000,-0.0016543221469484948
2018-09-05,2891.590087890625,2894.2099609375,2876.919921875,2888.60009765625,2888.60009765625,3248780000,-0.002803126684318036
2018-09-06,2888.639892578125,2892.050048828125,2867.2900390625,2878.050048828125,2878.050048828125,3144240000,-0.0036523050860121087
2018-09-07,2868.260009765625,2883.81005859375,2864.1201171875,2871.679931640625,2871.679931640625,2976580000,-0.002213344827027508
2018-09-10,2881.389892578125,2886.929931640625,2875.93994140625,2877.1298828125,2877.1298828125,2751100000,0.0018978268127400888
2018-09-11,2871.570068359375,2892.52001953125,2866.780029296875,2887.889892578125,2887.889892578125,2904500000,0.003739841510076891
2018-09-12,2888.2900390625,2894.64990234375,2879.199951171875,2888.919921875,2888.919921875,3341280000,0.00035667194221011833
2018-09-13,2896.85009765625,2906.760009765625,2896.389892578125,2904.179931640625,2904.179931640625,3274090000,0.005282254329749936
2018-09-14,2906.3798828125,2908.300048828125,2895.77001953125,2904.97998046875,2904.97998046875,3179410000,0.00027548183892078804
2018-09-17,2903.830078125,2904.64990234375,2886.159912109375,2888.800048828125,2888.800048828125,2967980000,-0.005569722252617426
2018-09-18,2890.739990234375,2911.169921875,2890.429931640625,2904.31005859375,2904.31005859375,3091190000,0.005369014643958003
2018-09-19,2906.60009765625,2912.360107421875,2903.820068359375,2907.949951171875,2907.949951171875,3302460000,0.0012532727238796504
2018-09-20,2919.72998046875,2934.800048828125,2919.72998046875,2930.75,2930.75,3406520000,0.007840591898404803
2018-09-21,2936.760009765625,2940.909912109375,2927.110107421875,2929.669921875,2929.669921875,5652470000,-0.00036853301202766087
2018-09-24,2921.830078125,2923.7900390625,2912.6298828125,2919.3701171875,2919.3701171875,3392030000,-0.0035156877607932513
2018-09-25,2921.75,2923.949951171875,2913.699951171875,2915.56005859375,2915.56005859375,3330880000,-0.0013050961134796202
2018-09-26,2916.97998046875,2931.14990234375,2903.280029296875,2905.969970703125,2905.969970703125,3417540000,-0.003289278113945082
2018-09-27,2911.64990234375,2927.219970703125,2909.27001953125,2914.0,2914.0,3101360000,0.0027632870875580196
2018-09-28,2910.030029296875,2920.530029296875,2907.5,2913.97998046875,2913.97998046875,3461680000,-6.870120538793323e-06
2018-10-01,2926.2900390625,2937.06005859375,2917.909912109375,2924.590087890625,2924.590087890625,3375890000,0.003641105118425747
2018-10-02,2923.800048828125,2931.419921875,2919.3701171875,2923.429931640625,2923.429931640625,3432620000,-0.0003966902079042267
2018-10-03,2931.68994140625,2939.860107421875,2921.360107421875,2925.510009765625,2925.510009765625,3625510000,0.0007115197468861023
2018-10-04,2919.35009765625,2919.780029296875,2883.919921875,2901.610107421875,2901.610107421875,3510370000,-0.008169482334351885
2018-10-05,2902.5400390625,2909.639892578125,2869.2900390625,2885.570068359375,2885.570068359375,3340820000,-0.005527978766503461
2018-10-08,2877.530029296875,2889.449951171875,2862.080078125,2884.429931640625,2884.429931640625,3381820000,-0.00039511662920677093
2018-10-09,2882.510009765625,2894.830078125,2874.27001953125,2880.340087890625,2880.340087890625,3531690000,-0.0014179036575431292
2018-10-10,2873.89990234375,2874.02001953125,2784.860107421875,2785.679931640625,2785.679931640625,4554260000,-0.0328642290012785
2018-10-11,2776.8701171875,2795.139892578125,2710.510009765625,2728.3701171875,2728.3701171875,4914090000,-0.02057300761734404
2018-10-12,2770.5400390625,2775.77001953125,2729.43994140625,2767.1298828125,2767.1298828125,4024010000,0.014206197825152422
2018-10-15,2763.830078125,2775.989990234375,2749.030029296875,2750.7900390625,2750.7900390625,3327160000,-0.005904978964482943
2018-10-16,2767.050048828125,2813.4599609375,2766.909912109375,2809.919921875,2809.919921875,3460260000,0.02149560016316343
2018-10-17,2811.669921875,2816.93994140625,2781.81005859375,2809.2099609375,2809.2099609375,3347090000,-0.00025266233815879335
2018-10-18,2802.0,2806.0400390625,2755.179931640625,2768.780029296875,2768.780029296875,3639300000,-0.014391922356395415
2018-10-19,2775.659912109375,2797.77001953125,2760.27001953125,2767.780029296875,2767.780029296875,3593940000,-0.00036116989772350117
2018-10-22,2773.93994140625,2778.93994140625,2749.219970703125,2755.8798828125,2755.8798828125,3331270000,-0.004299527548581317
2018-10-23,2721.030029296875,2753.590087890625,2691.429931640625,2740.68994140625,2740.68994140625,4373710000,-0.005511829997012829
2018-10-24,2737.8701171875,2742.590087890625,2651.889892578125,2656.10009765625,2656.10009765625,4738670000,-0.030864433977743855
2018-10-25,2674.8798828125,2722.699951171875,2667.840087890625,2705.570068359375,2705.570068359375,4663930000,0.018625040052811848
2018-10-26,2667.860107421875,2692.3798828125,2628.159912109375,2658.68994140625,2658.68994140625,4804330000,-0.017327264039978307
2018-10-29,2682.64990234375,2706.85009765625,2603.5400390625,2641.25,2641.25,4701260000,-0.0065595995737004476
2018-10-30,2640.679931640625,2685.429931640625,2635.340087890625,2682.6298828125,2682.6298828125,5125600000,0.015666780052058682
2018-10-31,2705.60009765625,2736.68994140625,2705.60009765625,2711.739990234375,2711.739990234375,5133380000,0.010851331974038647
2018-11-01,2717.580078125,2741.669921875,2708.85009765625,2740.3701171875,2740.3701171875,4730250000,0.010557843693063784
2018-11-02,2745.449951171875,2756.550048828125,2700.43994140625,2723.06005859375,2723.06005859375,4261230000,-0.0063166863793988615
2018-11-05,2726.3701171875,2744.27001953125,2717.93994140625,2738.31005859375,2738.31005859375,3650910000,0.005600317169601965
2018-11-06,2738.39990234375,2756.820068359375,2737.080078125,2755.449951171875,2755.449951171875,3543800000,0.006259295774170726
2018-11-07,2774.1298828125,2815.14990234375,2774.1298828125,2813.889892578125,2813.889892578125,3929080000,0.021208856064105275
2018-11-08,2806.3798828125,2814.75,2794.989990234375,2806.830078125,2806.830078125,3673550000,-0.0025089163835961825
2018-11-09,2794.10009765625,2794.10009765625,2764.239990234375,2781.010009765625,2781.010009765625,4029030000,-0.00919901370610332
2018-11-12,2773.929931640625,2775.989990234375,2722.0,2726.219970703125,2726.219970703125,3701570000,-0.01970148934024063
2018-11-13,2730.050048828125,2754.60009765625,2714.97998046875,2722.179931640625,2722.179931640625,4112820000,-0.0014819196931705747
2018-11-14,2737.89990234375,2746.800048828125,2685.75,2701.580078125,2701.580078125,4449060000,-0.007567410690302756
2018-11-15,2693.52001953125,2735.3798828125,2670.75,2730.199951171875,2730.199951171875,4204960000,0.010593753366266334
2018-11-16,2718.5400390625,2746.75,2712.159912109375,2736.27001953125,2736.27001953125,3996970000,0.0022233054237545957
2018-11-19,2730.739990234375,2733.159912109375,2681.090087890625,2690.72998046875,2690.72998046875,3806940000,-0.01664310858849427
2018-11-20,2654.60009765625,2669.43994140625,2631.52001953125,2641.889892578125,2641.889892578125,4370820000,-0.01815124083246611
2018-11-21,2657.739990234375,2670.72998046875,2649.820068359375,2649.929931640625,2649.929931640625,3237400000,0.0030432907461763747
2018-11-23,2633.360107421875,2647.550048828125,2631.090087890625,2632.56005859375,2632.56005859375,1651680000,-0.006554842390161242
2018-11-26,2649.969970703125,2674.35009765625,2649.969970703125,2673.449951171875,2673.449951171875,3523520000,0.0155323683669224
2018-11-27,2663.75,2682.530029296875,2655.889892578125,2682.169921875,2682.169921875,3494380000,0.003261692144003847
2018-11-28,2691.449951171875,2744.0,2684.3798828125,2743.7900390625,2743.7900390625,3984540000,0.022973979644221654
2018-11-29,2736.969970703125,2753.75,2722.93994140625,2737.800048828125,2737.800048828125,3599200000,-0.0021831080910337253
2018-11-30,2737.760009765625,2760.8798828125,2732.760009765625,2760.169921875,2760.169921875,4668310000,0.008170747552017188
2018-12-03,2790.5,2800.179931640625,2773.3798828125,2790.3701171875,2790.3701171875,4221580000,0.010941426132194287
2018-12-04,2782.429931640625,2785.929931640625,2697.179931640625,2700.06005859375,2700.06005859375,4515710000,-0.03236490314939877
2018-12-06,2663.510009765625,2696.14990234375,2621.530029296875,2695.949951171875,2695.949951171875,5180430000,-0.0015222281477752508
2018-12-07,2691.260009765625,2708.5400390625,2623.139892578125,2633.080078125,2633.080078125,4242240000,-0.023320118765389863
2018-12-10,2630.860107421875,2647.510009765625,2583.22998046875,2637.719970703125,2637.719970703125,4162880000,0.0017621539947350051
2018-12-11,2664.43994140625,2674.35009765625,2621.300048828125,2636.780029296875,2636.780029296875,3963440000,-0.00035634616892232795
2018-12-12,2658.22998046875,2685.43994140625,2650.260009765625,2651.070068359375,2651.070068359375,4029300000,0.005419503676349802
2018-12-13,2658.699951171875,2670.18994140625,2637.27001953125,2650.5400390625,2650.5400390625,3978340000,-0.00019993032368359476
2018-12-14,2629.679931640625,2635.070068359375,2593.840087890625,2599.949951171875,2599.949951171875,4064370000,-0.019086709555430348
2018-12-17,2590.75,2601.1298828125,2530.5400390625,2545.93994140625,2545.93994140625,4661420000,-0.020773480559224233
2018-12-18,2559.89990234375,2573.989990234375,2528.7099609375,2546.159912109375,2546.159912109375,4519190000,8.640058610476231e-05
2018-12-19,2547.050048828125,2585.2900390625,2488.9599609375,2506.9599609375,2506.9599609375,5152830000,-0.01539571453679811
2018-12-20,2496.77001953125,2509.6298828125,2441.179931640625,2467.419921875,2467.419921875,5619780000,-0.01577210632742365
2018-12-21,2465.3798828125,2504.409912109375,2408.550048828125,2416.6201171875,2416.6201171875,7657890000,-0.020588228309714296
2018-12-24,2400.56005859375,2410.340087890625,2351.10009765625,2351.10009765625,2351.10009765625,2613670000,-0.027112254452099527
2018-12-26,2363.1201171875,2467.760009765625,2346.580078125,2467.699951171875,2467.699951171875,4249740000,0.04959374278953943
2018-12-27,2442.5,2489.10009765625,2397.93994140625,2488.830078125,2488.830078125,4139010000,0.008562680784222065
2018-12-28,2498.77001953125,2520.27001953125,2472.889892578125,2485.739990234375,2485.739990234375,3728440000,-0.0012415825080966947
2018-12-31,2498.93994140625,2509.239990234375,2482.820068359375,2506.85009765625,2506.85009765625,3461920000,0.00849248413140935
2019-01-02,2476.9599609375,2519.489990234375,2467.469970703125,2510.030029296875,2510.030029296875,3733160000,0.0012684969251244294
2019-01-03,2491.919921875,2493.139892578125,2443.9599609375,2447.889892578125,2447.889892578125,3858830000,-0.02475673039503723
2019-01-04,2474.330078125,2538.070068359375,2474.330078125,2531.93994140625,2531.93994140625,4234140000,0.03433571464262353
2019-01-07,2535.610107421875,2566.159912109375,2524.56005859375,2549.68994140625,2549.68994140625,4133120000,0.007010434848680358
2019-01-08,2568.110107421875,2579.820068359375,2547.56005859375,2574.409912109375,2574.409912109375,4120060000,0.009695285023358924
2019-01-09,2580.0,2595.320068359375,2568.889892578125,2584.9599609375,2584.9599609375,4088740000,0.004098045450532162
2019-01-10,2573.510009765625,2597.820068359375,2562.02001953125,2596.639892578125,2596.639892578125,3721300000,0.004518418782931244
2019-01-11,2588.110107421875,2596.27001953125,2577.39990234375,2596.260009765625,2596.260009765625,3447460000,-0.00014629784190933748
2019-01-14,2580.31005859375,2589.320068359375,2570.409912109375,2582.610107421875,2582.610107421875,3689370000,-0.005257525167898014
2019-01-15,2585.10009765625,2613.080078125,2585.10009765625,2610.300048828125,2610.300048828125,3601180000,0.010721688622945758
2019-01-16,2614.75,2625.760009765625,2612.679931640625,2616.10009765625,2616.10009765625,3882180000,0.0022219854881162515
2019-01-17,2609.280029296875,2645.06005859375,2606.360107421875,2635.9599609375,2635.9599609375,3802410000,0.0075914003822110665
2019-01-18,2651.27001953125,2675.469970703125,2647.580078125,2670.7099609375,2670.7099609375,4009010000,0.01318305304897005
2019-01-22,2657.8798828125,2657.8798828125,2617.27001953125,2632.89990234375,2632.89990234375,3923950000,-0.014157306164566674
2019-01-23,2643.47998046875,2653.18994140625,2612.860107421875,2638.699951171875,2638.699951171875,3358770000,0.0022029127742235755
2019-01-24,2638.840087890625,2647.199951171875,2627.010009765625,2642.330078125,2642.330078125,3449230000,0.0013757255543636049
2019-01-25,2657.43994140625,2672.3798828125,2657.330078125,2664.760009765625,2664.760009765625,3821000000,0.008488694060713842
2019-01-28,2644.969970703125,2644.969970703125,2624.06005859375,2643.85009765625,2643.85009765625,3630820000,-0.007846827493937836
2019-01-29,2644.889892578125,2650.929931640625,2631.050048828125,2640.0,2640.0,3518070000,-0.0014562465775435074
2019-01-30,2653.6201171875,2690.43994140625,2648.340087890625,2681.050048828125,2681.050048828125,3883270000,0.01554926091974429
2019-01-31,2685.489990234375,2708.949951171875,2678.64990234375,2704.10009765625,2704.10009765625,4953800000,0.008597395948725328
2019-02-01,2702.320068359375,2716.659912109375,2696.8798828125,2706.530029296875,2706.530029296875,3782490000,0.0008986100931438479
2019-02-04,2706.489990234375,2724.989990234375,2698.75,2724.8701171875,2724.8701171875,3369450000,0.006776236617404008
2019-02-05,2728.340087890625,2738.97998046875,2724.030029296875,2737.699951171875,2737.699951171875,3597620000,0.00470842037697472
2019-02-06,2735.050048828125,2738.080078125,2724.14990234375,2731.610107421875,2731.610107421875,3486590000,-0.0022244379802809355
2019-02-07,2717.530029296875,2719.320068359375,2687.260009765625,2706.050048828125,2706.050048828125,4114040000,-0.009357140143940179
2019-02-08,2692.360107421875,2708.070068359375,2681.830078125,2707.8798828125,2707.8798828125,3649510000,0.0006762010869560964
2019-02-11,2712.39990234375,2718.050048828125,2703.7900390625,2709.800048828125,2709.800048828125,3395330000,0.0007091030986317026
2019-02-12,2722.610107421875,2748.18994140625,2722.610107421875,2744.72998046875,2744.72998046875,3843020000,0.0128902247439735
2019-02-13,2750.300048828125,2761.85009765625,2748.6298828125,2753.030029296875,2753.030029296875,3684910000,0.003023994668760688
2019-02-14,2743.5,2757.89990234375,2731.22998046875,2745.72998046875,2745.72998046875,3845390000,-0.002651641555101225
2019-02-15,2760.239990234375,2775.659912109375,2760.239990234375,2775.60009765625,2775.60009765625,3648680000,0.01087875260858695
2019-02-19,2769.280029296875,2787.330078125,2767.2900390625,2779.760009765625,2779.760009765625,3535270000,0.0014987433214488366
2019-02-20,2779.050048828125,2789.8798828125,2774.06005859375,2784.699951171875,2784.699951171875,3904830000,0.0017771107537685182
2019-02-21,2780.239990234375,2781.580078125,2764.550048828125,2774.8798828125,2774.8798828125,3598260000,-0.003526436790880272
2019-02-22,2780.669921875,2794.199951171875,2779.110107421875,2792.669921875,2792.669921875,3429350000,0.006411102394986878
2019-02-25,2804.35009765625,2813.489990234375,2794.989990234375,2796.110107421875,2796.110107421875,3860260000,0.0012318625699112573
2019-02-26,2792.360107421875,2803.1201171875,2789.469970703125,2793.89990234375,2793.89990234375,3676200000,-0.0007904570968998437
2019-02-27,2787.5,2795.760009765625,2775.1298828125,2792.3798828125,2792.3798828125,3771790000,-0.0005440493877303387
2019-02-28,2788.110107421875,2793.72998046875,2782.510009765625,2784.489990234375,2784.489990234375,4445780000,-0.0028255083152146643
2019-03-01,2798.219970703125,2808.02001953125,2787.3798828125,2803.68994140625,2803.68994140625,3994950000,0.00689532059343434
2019-03-04,2814.3701171875,2816.8798828125,2767.659912109375,2792.81005859375,2792.81005859375,3949730000,-0.003880558492514008
2019-03-05,2794.409912109375,2796.43994140625,2782.969970703125,2789.64990234375,2789.64990234375,3631380000,-0.001131532823106185
2019-03-06,2790.27001953125,2790.27001953125,2768.68994140625,2771.449951171875,2771.449951171875,3800180000,-0.006524098653592381
2019-03-07,2766.530029296875,2767.25,2739.090087890625,2748.929931640625,2748.929931640625,3932150000,-0.00812571755868352
2019-03-08,2730.7900390625,2744.1298828125,2722.27001953125,2743.070068359375,2743.070068359375,3424300000,-0.0021316888487414865
2019-03-11,2747.610107421875,2784.0,2747.610107421875,2783.300048828125,2783.300048828125,3764850000,0.014666041867757107
2019-03-12,2787.340087890625,2798.320068359375,2786.72998046875,2791.52001953125,2791.52001953125,3432340000,0.0029533182046204143
2019-03-13,2799.780029296875,2821.239990234375,2799.780029296875,2810.919921875,2810.919921875,3782250000,0.006949583813841809
2019-03-14,2810.3798828125,2815.0,2803.4599609375,2808.47998046875,2808.47998046875,3505670000,-0.0008680223820187738
2019-03-15,2810.7900390625,2830.72998046875,2810.7900390625,2822.47998046875,2822.47998046875,5969780000,0.00498490290027398
2019-03-18,2822.610107421875,2835.409912109375,2821.989990234375,2832.93994140625,2832.93994140625,3620770000,0.0037059469012648005
2019-03-19,2840.760009765625,2852.419921875,2823.27001953125,2832.570068359375,2832.570068359375,3650740000,-0.0001305615560248663
2019-03-20,2831.340087890625,2843.5400390625,2812.429931640625,2824.22998046875,2824.22998046875,3779160000,-0.0029443536044478913
2019-03-21,2819.719970703125,2860.31005859375,2817.3798828125,2854.8798828125,2854.8798828125,3612620000,0.010852481049954399
2019-03-22,2844.52001953125,2846.159912109375,2800.469970703125,2800.7099609375,2800.7099609375,4253730000,-0.018974501239482744
2019-03-25,2796.010009765625,2809.7900390625,2785.02001953125,2798.360107421875,2798.360107421875,3406110000,-0.000839020658475631
2019-03-26,2812.659912109375,2829.8701171875,2803.989990234375,2818.4599609375,2818.4599609375,3288570000,0.007182725862306283
2019-03-27,2819.719970703125,2825.56005859375,2787.719970703125,2805.3701171875,2805.3701171875,3422400000,-0.0046443248906916645
2019-03-28,2809.39990234375,2819.7099609375,2798.77001953125,2815.43994140625,2815.43994140625,3185460000,0.003589481529391092
2019-03-29,2828.27001953125,2836.030029296875,2819.22998046875,2834.39990234375,2834.39990234375,3752520000,0.0067342800173637585
2019-04-01,2848.6298828125,2869.39990234375,2848.6298828125,2867.18994140625,2867.18994140625,3560090000,0.011568600124275408
2019-04-02,2868.239990234375,2872.89990234375,2858.75,2867.239990234375,2867.239990234375,3267210000,1.745570720723677e-05
2019-04-03,2876.090087890625,2885.25,2865.169921875,2873.39990234375,2873.39990234375,3570000000,0.002148376881724312
2019-04-04,2873.989990234375,2881.280029296875,2867.139892578125,2879.389892578125,2879.389892578125,3038740000,0.0020846350796801527
2019-04-05,2884.159912109375,2893.239990234375,2882.989990234375,2892.739990234375,2892.739990234375,3155970000,0.004636432770241061
2019-04-08,2888.4599609375,2895.949951171875,2880.780029296875,2895.77001953125,2895.77001953125,3056460000,0.0010474599539205265
2019-04-09,2886.580078125,2886.8798828125,2873.330078125,2878.199951171875,2878.199951171875,3032480000,-0.006067494393846573
2019-04-10,2881.3701171875,2889.7099609375,2879.1298828125,2888.2099609375,2888.2099609375,3092230000,0.0034778715639784963
2019-04-11,2891.919921875,2893.419921875,2881.989990234375,2888.320068359375,2888.320068359375,2970650000,3.8123067008344336e-05
2019-04-12,2900.860107421875,2910.5400390625,2898.3701171875,2907.409912109375,2907.409912109375,3726050000,0.006609324208602496
2019-04-15,2908.320068359375,2909.60009765625,2896.47998046875,2905.580078125,2905.580078125,3114530000,-0.0006293691084816588
2019-04-16,2912.260009765625,2916.06005859375,2900.7099609375,2907.06005859375,2907.06005859375,3403120000,0.0005093580038946222
2019-04-17,2916.0400390625,2918.0,2895.449951171875,2900.449951171875,2900.449951171875,3648100000,-0.0022738117853239315
2019-04-18,2904.81005859375,2908.39990234375,2891.89990234375,2905.030029296875,2905.030029296875,3507100000,0.0015790922795098083
2019-04-22,2898.780029296875,2909.510009765625,2896.35009765625,2907.969970703125,2907.969970703125,3010130000,0.001012017561471401
2019-04-23,2909.989990234375,2936.31005859375,2908.530029296875,2933.679931640625,2933.679931640625,3674480000,0.008841205788409079
2019-04-24,2934.0,2936.830078125,2926.050048828125,2927.25,2927.25,3468480000,-0.002191763174733685
2019-04-25,2928.989990234375,2933.10009765625,2912.840087890625,2926.169921875,2926.169921875,3440010000,-0.0003689736527457965
2019-04-26,2925.81005859375,2939.8798828125,2917.56005859375,2939.8798828125,2939.8798828125,3264390000,0.0046852921407636305
2019-04-29,2940.580078125,2949.52001953125,2939.35009765625,2943.030029296875,2943.030029296875,3150390000,0.001071522174355355
2019-04-30,2937.139892578125,2948.219970703125,2924.110107421875,2945.830078125,2945.830078125,3939760000,0.0009514170090862972
2019-05-01,2952.330078125,2954.1298828125,2923.360107421875,2923.72998046875,2923.72998046875,3669330000,-0.007502163081421376
2019-05-02,2922.159912109375,2931.679931640625,2900.5,2917.52001953125,2917.52001953125,3802290000,-0.0021239857917741967
2019-05-03,2929.2099609375,2947.85009765625,2929.2099609375,2945.639892578125,2945.639892578125,3357180000,0.009638279380647763
2019-05-06,2908.889892578125,2937.320068359375,2898.2099609375,2932.469970703125,2932.469970703125,3203260000,-0.004470988428756373
2019-05-07,2913.030029296875,2913.030029296875,2862.60009765625,2884.050048828125,2884.050048828125,3793060000,-0.016511651392423388
2019-05-08,2879.610107421875,2897.9599609375,2873.280029296875,2879.419921875,2879.419921875,3543110000,-0.0016054253132695706
2019-05-09,2859.840087890625,2875.969970703125,2836.39990234375,2870.719970703125,2870.719970703125,3659050000,-0.0030214249424966866
2019-05-10,2863.10009765625,2891.31005859375,2825.389892578125,2881.39990234375,2881.39990234375,3566780000,0.0037202972597878414
2019-05-13,2840.18994140625,2840.18994140625,2801.429931640625,2811.8701171875,2811.8701171875,3900270000,-0.02413055719884427
2019-05-14,2820.1201171875,2852.5400390625,2820.1201171875,2834.409912109375,2834.409912109375,3354860000,0.008015944543135589
2019-05-15,2820.3798828125,2858.679931640625,2815.080078125,2850.9599609375,2850.9599609375,3140900000,0.00583897507464215
2019-05-16,2855.800048828125,2892.14990234375,2855.800048828125,2876.320068359375,2876.320068359375,3338470000,0.008895287120600504
2019-05-17,2858.60009765625,2885.47998046875,2854.22998046875,2859.530029296875,2859.530029296875,3316040000,-0.005837333350761975
2019-05-20,2841.93994140625,2853.860107421875,2831.2900390625,2840.22998046875,2840.22998046875,3293750000,-0.0067493779153879885
2019-05-21,2854.02001953125,2868.8798828125,2854.02001953125,2864.360107421875,2864.360107421875,3223050000,0.008495835590448308
2019-05-22,2856.06005859375,2865.469970703125,2851.110107421875,2856.27001953125,2856.27001953125,3194000000,-0.0028243962306494508
2019-05-23,2836.699951171875,2836.699951171875,2805.489990234375,2822.239990234375,2822.239990234375,3899320000,-0.01191414994527018
2019-05-24,2832.409912109375,2841.360107421875,2820.18994140625,2826.06005859375,2826.06005859375,2889230000,0.0013535590072402126
2019-05-28,2830.030029296875,2840.510009765625,2801.580078125,2802.389892578125,2802.389892578125,4146980000,-0.008375676922946718
2019-05-29,2790.25,2792.030029296875,2766.06005859375,2783.02001953125,2783.02001953125,3701110000,-0.0069119122568113145
2019-05-30,2786.93994140625,2799.0,2776.739990234375,2788.860107421875,2788.860107421875,3276030000,0.0020984713906617714
2019-05-31,2766.14990234375,2768.97998046875,2750.52001953125,2752.06005859375,2752.06005859375,3982670000,-0.01319537280847849
2019-06-03,2751.530029296875,2763.070068359375,2728.81005859375,2744.449951171875,2744.449951171875,3952360000,-0.0027652403144732274
2019-06-04,2762.639892578125,2804.489990234375,2762.639892578125,2803.27001953125,2803.27001953125,3814130000,0.021432370568193138
2019-06-05,2818.090087890625,2827.280029296875,2800.919921875,2826.14990234375,2826.14990234375,3570760000,0.008161854781411959
2019-06-06,2828.510009765625,2852.10009765625,2822.449951171875,2843.489990234375,2843.489990234375,3445140000,0.006135586748687638
2019-06-07,2852.8701171875,2884.969970703125,2852.8701171875,2873.340087890625,2873.340087890625,3244380000,0.01049769746289475
2019-06-10,2885.830078125,2904.77001953125,2885.510009765625,2886.72998046875,2886.72998046875,3209890000,0.0046600444669098184
2019-06-11,2903.27001953125,2910.610107421875,2878.530029296875,2885.719970703125,2885.719970703125,3551000000,-0.00034988023558091275
2019-06-12,2882.72998046875,2888.570068359375,2874.679931640625,2879.840087890625,2879.840087890625,3039870000,-0.0020375791387226005
2019-06-13,2886.239990234375,2895.239990234375,2881.989990234375,2891.639892578125,2891.639892578125,3100640000,0.004097381912668174
2019-06-14,2886.820068359375,2894.449951171875,2879.6201171875,2886.97998046875,2886.97998046875,2992810000,-0.001611511904139773
2019-06-17,2889.75,2897.27001953125,2887.300048828125,2889.669921875,2889.669921875,2828400000,0.0009317492412306283
2019-06-18,2906.7099609375,2930.7900390625,2905.43994140625,2917.75,2917.75,3441540000,0.009717399870633026
2019-06-19,2920.550048828125,2931.739990234375,2911.429931640625,2926.4599609375,2926.4599609375,3300220000,0.002985163546397107
2019-06-20,2949.60009765625,2958.06005859375,2931.5,2954.179931640625,2954.179931640625,3943060000,0.009472185190685156
2019-06-21,2952.7099609375,2964.14990234375,2946.8701171875,2950.4599609375,2950.4599609375,5003540000,-0.0012592227925193322
2019-06-24,2951.419921875,2954.919921875,2944.050048828125,2945.35009765625,2945.35009765625,3136960000,-0.0017318870104667816
2019-06-25,2945.780029296875,2946.52001953125,2916.010009765625,2917.3798828125,2917.3798828125,3579430000,-0.009496397343734198
2019-06-26,2926.070068359375,2932.590087890625,2912.989990234375,2913.780029296875,2913.780029296875,3511350000,-0.0012339337557076835
2019-06-27,2919.659912109375,2929.300048828125,2918.570068359375,2924.919921875,2924.919921875,3162500000,0.003823175554131808
2019-06-28,2932.93994140625,2943.97998046875,2929.050048828125,2941.760009765625,2941.760009765625,5422650000,0.0057574526279098315
2019-07-01,2971.409912109375,2977.929931640625,2952.219970703125,2964.330078125,2964.330078125,3524860000,0.007672301032188189
2019-07-02,2964.659912109375,2973.2099609375,2955.919921875,2973.010009765625,2973.010009765625,3224490000,0.002928125887423194
2019-07-03,2978.080078125,2995.840087890625,2977.9599609375,2995.820068359375,2995.820068359375,1963570000,0.007672378673070135
2019-07-05,2984.25,2994.030029296875,2967.969970703125,2990.409912109375,2990.409912109375,2434680000,-0.00180590159841032
2019-07-08,2979.77001953125,2980.760009765625,2970.090087890625,2975.949951171875,2975.949951171875,2922360000,-0.004835444424841517
2019-07-09,2965.52001953125,2981.89990234375,2963.43994140625,2979.6298828125,2979.6298828125,3033330000,0.0012365569653400854
2019-07-10,2989.300048828125,3002.97998046875,2984.6201171875,2993.070068359375,2993.070068359375,3157800000,0.0045106896075925995
2019-07-11,2999.6201171875,3002.330078125,2988.800048828125,2999.909912109375,2999.909912109375,3155710000,0.002285226738359958
2019-07-12,3003.360107421875,3013.919921875,3001.8701171875,3013.77001953125,3013.77001953125,2984140000,0.004620174547884881
2019-07-15,3017.800048828125,3017.800048828125,3008.77001953125,3014.300048828125,3014.300048828125,2876100000,0.00017586919155743175
2019-07-16,3012.1298828125,3015.02001953125,3001.14990234375,3004.0400390625,3004.0400390625,3297030000,-0.003403778522185874
2019-07-17,3005.10009765625,3005.260009765625,2984.25,2984.419921875,2984.419921875,3185650000,-0.006531243569450895
2019-07-18,2978.8701171875,2998.280029296875,2973.090087890625,2995.110107421875,2995.110107421875,3369820000,0.003581997784064761
2019-07-19,3004.260009765625,3006.02001953125,2975.860107421875,2976.610107421875,2976.610107421875,3285890000,-0.00617673452276668
2019-07-22,2981.929931640625,2990.7099609375,2976.64990234375,2985.030029296875,2985.030029296875,3016200000,0.002828694915066654
2019-07-23,2994.739990234375,3005.89990234375,2988.56005859375,3005.469970703125,3005.469970703125,3333810000,0.006847482673755456
2019-07-24,2998.77001953125,3019.590087890625,2996.820068359375,3019.56005859375,3019.56005859375,3433220000,0.004688147952890187
2019-07-25,3016.260009765625,3016.31005859375,2997.239990234375,3003.669921875,3003.669921875,3657050000,-0.005262401280453521
2019-07-26,3013.25,3027.97998046875,3012.590087890625,3025.860107421875,3025.860107421875,3260170000,0.007387691099234761
2019-07-29,3024.469970703125,3025.610107421875,3014.300048828125,3020.969970703125,3020.969970703125,3224490000,-0.0016161146071345112
2019-07-30,3007.659912109375,3017.18994140625,3000.93994140625,3013.179931640625,3013.179931640625,3632770000,-0.0025786549148275606
2019-07-31,3016.219970703125,3017.39990234375,2958.080078125,2980.3798828125,2980.3798828125,4626330000,-0.010885526112695776
2019-08-01,2980.320068359375,3013.590087890625,2945.22998046875,2953.56005859375,2953.56005859375,4793810000,-0.00899879386967306
2019-08-02,2943.89990234375,2945.5,2914.110107421875,2932.050048828125,2932.050048828125,3882810000,-0.007282739927037873
2019-08-05,2898.070068359375,2898.070068359375,2822.1201171875,2844.739990234375,2844.739990234375,4542850000,-0.0297778200029859
2019-08-06,2861.179931640625,2884.39990234375,2847.419921875,2881.77001953125,2881.77001953125,4156640000,0.013017017169932643
2019-08-07,2858.64990234375,2892.169921875,2825.7099609375,2883.97998046875,2883.97998046875,4512720000,0.0007668762331907164
2019-08-08,2896.2099609375,2938.719970703125,2894.469970703125,2938.090087890625,2938.090087890625,4118530000,0.018762303409984193
2019-08-09,2930.510009765625,2935.75,2900.14990234375,2918.64990234375,2918.64990234375,3356850000,-0.00661660635492356
2019-08-12,2907.070068359375,2907.580078125,2873.139892578125,2882.699951171875,2882.699951171875,3328570000,-0.012317322177972212
2019-08-13,2880.719970703125,2943.31005859375,2877.050048828125,2926.320068359375,2926.320068359375,3857190000,0.015131688322181258
2019-08-14,2894.14990234375,2894.14990234375,2839.639892578125,2840.60009765625,2840.60009765625,4325150000,-0.029292752911742603
2019-08-15,2846.199951171875,2856.669921875,2825.510009765625,2847.60009765625,2847.60009765625,4041720000,0.0024642680276520945
2019-08-16,2864.739990234375,2893.6298828125,2864.739990234375,2888.679931640625,2888.679931640625,3524080000,0.014426124657807904
2019-08-19,2913.47998046875,2931.0,2913.47998046875,2923.64990234375,2923.64990234375,3221050000,0.012105865492430645
2019-08-20,2919.010009765625,2923.6298828125,2899.60009765625,2900.510009765625,2900.510009765625,3067710000,-0.007914727601131322
2019-08-21,2922.0400390625,2928.72998046875,2917.909912109375,2924.429931640625,2924.429931640625,3016540000,0.00824679859557964
2019-08-22,2930.93994140625,2939.080078125,2904.510009765625,2922.949951171875,2922.949951171875,2893660000,-0.0005060748601761755
2019-08-23,2911.070068359375,2927.010009765625,2834.969970703125,2847.110107421875,2847.110107421875,3942520000,-0.025946336754618105
2019-08-26,2866.699951171875,2879.27001953125,2856.0,2878.3798828125,2878.3798828125,2859790000,0.010982987735216332
2019-08-27,2893.139892578125,2898.7900390625,2860.590087890625,2869.159912109375,2869.159912109375,3537490000,-0.003203180635808267
2019-08-28,2861.280029296875,2890.030029296875,2853.050048828125,2887.93994140625,2887.93994140625,3102480000,0.006545480165679685
2019-08-29,2910.3701171875,2930.5,2905.669921875,2924.580078125,2924.580078125,3177150000,0.012687291793508804
2019-08-30,2937.090087890625,2940.429931640625,2913.320068359375,2926.4599609375,2926.4599609375,3009910000,0.0006427872591217021
2019-09-03,2909.010009765625,2914.389892578125,2891.85009765625,2906.27001953125,2906.27001953125,3427830000,-0.00689910050906084
2019-09-04,2924.669921875,2938.840087890625,2921.860107421875,2937.780029296875,2937.780029296875,3167900000,0.010842079212828093
2019-09-05,2960.60009765625,2985.860107421875,2960.60009765625,2976.0,2976.0,3902600000,0.013009813642266721
2019-09-06,2980.330078125,2985.030029296875,2972.510009765625,2978.7099609375,2978.7099609375,3209340000,0.0009106051537297599
2019-09-09,2988.429931640625,2989.429931640625,2969.389892578125,2978.429931640625,2978.429931640625,4031120000,-9.401025965849463e-05
2019-09-10,2971.010009765625,2979.389892578125,2957.010009765625,2979.389892578125,2979.389892578125,4393040000,0.0003223043548219451
2019-09-11,2981.409912109375,3000.929931640625,2975.31005859375,3000.929931640625,3000.929931640625,3934370000,0.007229681189480308
2019-09-12,3009.080078125,3020.739990234375,3000.919921875,3009.570068359375,3009.570068359375,3796990000,0.002879153101061016
2019-09-13,3012.2099609375,3017.330078125,3002.89990234375,3007.389892578125,3007.389892578125,3557010000,-0.0007244143620946941
2019-09-16,2996.409912109375,3002.18994140625,2990.669921875,2997.9599609375,2997.9599609375,4285860000,-0.0031355866640028207
2019-09-17,2995.669921875,3006.2099609375,2993.72998046875,3005.699951171875,3005.699951171875,3673250000,0.0025817523700197853
2019-09-18,3001.5,3007.830078125,2978.570068359375,3006.72998046875,3006.72998046875,3458800000,0.00034269198975556137
2019-09-19,3010.360107421875,3021.989990234375,3003.159912109375,3006.7900390625,3006.7900390625,3265660000,1.997472142156731e-05
2019-09-20,3008.419921875,3016.3701171875,2984.679931640625,2992.070068359375,2992.070068359375,6103440000,-0.0048955765157830955
2019-09-23,2983.5,2999.14990234375,2982.22998046875,2991.780029296875,2991.780029296875,3187250000,-9.693591923765066e-05
2019-09-24,3002.429931640625,3007.97998046875,2957.72998046875,2966.60009765625,2966.60009765625,3872800000,-0.008416371322106486
2019-09-25,2968.35009765625,2989.820068359375,2952.860107421875,2984.8701171875,2984.8701171875,3331200000,0.006158571742003405
2019-09-26,2985.72998046875,2987.280029296875,2963.7099609375,2977.6201171875,2977.6201171875,3084910000,-0.002428916406865711
2019-09-27,2985.469970703125,2987.31005859375,2945.530029296875,2961.7900390625,2961.7900390625,3246480000,-0.005316352490240539
2019-09-30,2967.070068359375,2983.85009765625,2967.070068359375,2976.739990234375,2976.739990234375,3249130000,0.005047606675254723
2019-10-01,2983.68994140625,2992.530029296875,2938.699951171875,2940.25,2940.25,3560750000,-0.012258373372913245
2019-10-02,2924.780029296875,2924.780029296875,2874.929931640625,2887.610107421875,2887.610107421875,3914180000,-0.017903202985502964
2019-10-03,2885.3798828125,2911.1298828125,2855.93994140625,2910.6298828125,2910.6298828125,3515130000,0.00797191259701524
2019-10-04,2918.56005859375,2953.739990234375,2918.56005859375,2952.010009765625,2952.010009765625,3005600000,0.014216897585460186
2019-10-07,2944.22998046875,2959.75,2935.679931640625,2938.7900390625,2938.7900390625,2959050000,-0.004478294673592398
2019-10-08,2920.39990234375,2925.469970703125,2892.659912109375,2893.06005859375,2893.06005859375,3370700000,-0.015560819201407838
2019-10-09,2911.10009765625,2929.320068359375,2907.409912109375,2919.39990234375,2919.39990234375,2735350000,0.0091044925499415
2019-10-10,2918.550048828125,2948.4599609375,2917.1201171875,2938.1298828125,2938.1298828125,3234400000,0.006415695380997066
2019-10-11,2963.070068359375,2993.280029296875,2963.070068359375,2970.27001953125,2970.27001953125,3581320000,0.010938977513132997
2019-10-14,2965.81005859375,2972.840087890625,2962.93994140625,2966.14990234375,2966.14990234375,2559270000,-0.0013871187334510982
2019-10-15,2973.610107421875,3003.280029296875,2973.610107421875,2995.679931640625,2995.679931640625,3345090000,0.009955676641137279
2019-10-16,2989.679931640625,2997.5400390625,2985.199951171875,2989.68994140625,2989.68994140625,3230320000,-0.0019995427986508885
2019-10-17,3000.77001953125,3008.2900390625,2991.7900390625,2997.949951171875,2997.949951171875,3103470000,0.0027628315736780706
2019-10-18,2996.840087890625,3000.0,2976.31005859375,2986.199951171875,2986.199951171875,3268970000,-0.003919344949506964
2019-10-21,2996.47998046875,3007.330078125,2995.35009765625,3006.719970703125,3006.719970703125,3271960000,0.006871616056117524
2019-10-22,3010.72998046875,3014.570068359375,2995.0400390625,2995.989990234375,2995.989990234375,3527540000,-0.003568666378412577
2019-10-23,2994.010009765625,3004.780029296875,2991.2099609375,3004.52001953125,3004.52001953125,3413600000,0.0028471487971184484
2019-10-24,3014.780029296875,3016.070068359375,3000.419921875,3010.2900390625,3010.2900390625,3696510000,0.0019204463587332299
2019-10-25,3003.320068359375,3027.389892578125,3001.93994140625,3022.550048828125,3022.550048828125,3379060000,0.004072700506109195
2019-10-28,3032.1201171875,3044.080078125,3032.1201171875,3039.419921875,3039.419921875,3524970000,0.005581337868471481
2019-10-29,3035.389892578125,3047.8701171875,3034.81005859375,3036.889892578125,3036.889892578125,3594430000,-0.0008324053147991117
2019-10-30,3039.739990234375,3050.10009765625,3025.9599609375,3046.77001953125,3046.77001953125,3779660000,0.00325337015914573
2019-10-31,3046.89990234375,3046.89990234375,3023.18994140625,3037.56005859375,3037.56005859375,4149310000,-0.0030228605633046968
2019-11-01,3050.719970703125,3066.949951171875,3050.719970703125,3066.909912109375,3066.909912109375,3956290000,0.009662312168146059
2019-11-04,3078.9599609375,3085.199951171875,3074.8701171875,3078.27001953125,3078.27001953125,4178040000,0.003704089049704651
2019-11-05,3080.800048828125,3083.949951171875,3072.14990234375,3074.6201171875,3074.6201171875,4490590000,-0.001185699214361291
2019-11-06,3075.10009765625,3078.340087890625,3065.889892578125,3076.780029296875,3076.780029296875,4465510000,0.0007024972279667807
2019-11-07,3087.02001953125,3097.77001953125,3080.22998046875,3085.179931640625,3085.179931640625,4151990000,0.0027300951851503275
2019-11-08,3081.25,3093.090087890625,3073.580078125,3093.080078125,3093.080078125,3508160000,0.0025606760900243053
2019-11-11,3080.330078125,3088.330078125,3075.820068359375,3087.010009765625,3087.010009765625,3041120000,-0.0019624672514313435
2019-11-12,3089.280029296875,3102.610107421875,3084.72998046875,3091.840087890625,3091.840087890625,3495560000,0.0015646460846321375
2019-11-13,3084.179931640625,3098.06005859375,3078.800048828125,3094.0400390625,3094.0400390625,3513720000,0.0007115345908383919
2019-11-14,3090.75,3098.199951171875,3083.260009765625,3096.6298828125,3096.6298828125,3282090000,0.0008370427393644686
2019-11-15,3107.919921875,3120.4599609375,3104.60009765625,3120.4599609375,3120.4599609375,3359800000,0.007695488006902673
2019-11-18,3117.909912109375,3124.169921875,3112.06005859375,3122.030029296875,3122.030029296875,3440140000,0.0005031528617669423
2019-11-19,3127.449951171875,3127.639892578125,3113.469970703125,3120.179931640625,3120.179931640625,3613670000,-0.0005925944462060739
2019-11-20,3114.659912109375,3118.969970703125,3091.409912109375,3108.4599609375,3108.4599609375,4041010000,-0.003756184245747196
2019-11-21,3108.489990234375,3110.110107421875,3094.550048828125,3103.5400390625,3103.5400390625,3744010000,-0.0015827522106851566
2019-11-22,3111.409912109375,3112.8701171875,3099.260009765625,3110.2900390625,3110.2900390625,3235270000,0.0021749356911917594
2019-11-25,3117.43994140625,3133.830078125,3117.43994140625,3133.639892578125,3133.639892578125,3514310000,0.007507291353015866
2019-11-26,3134.85009765625,3142.68994140625,3131.0,3140.52001953125,3140.52001953125,4600450000,0.0021955703874654287
2019-11-27,3145.489990234375,3154.260009765625,3143.409912109375,3153.6298828125,3153.6298828125,3035470000,0.004174424362754614
2019-11-29,3147.179931640625,3150.300048828125,3139.340087890625,3140.97998046875,3140.97998046875,1743420000,-0.004011219709926239
2019-12-02,3143.85009765625,3144.31005859375,3110.780029296875,3113.8701171875,3113.8701171875,3285750000,-0.008631020716408422
2019-12-03,3087.409912109375,3094.969970703125,3070.330078125,3093.199951171875,3093.199951171875,3671580000,-0.00663809511563529
2019-12-04,3103.5,3119.3798828125,3102.530029296875,3112.760009765625,3112.760009765625,3702980000,0.00632356747139462
2019-12-05,3119.2099609375,3119.449951171875,3103.760009765625,3117.429931640625,3117.429931640625,3360480000,0.0015002511791302187
2019-12-06,3134.6201171875,3150.60009765625,3134.6201171875,3145.909912109375,3145.909912109375,3483310000,0.009135724328457329
2019-12-09,3141.860107421875,3148.8701171875,3135.4599609375,3135.9599609375,3135.9599609375,3400470000,-0.00316282139344648
2019-12-10,3135.360107421875,3142.1201171875,3126.090087890625,3132.52001953125,3132.52001953125,3346310000,-0.0010969340964486207
2019-12-11,3135.75,3143.97998046875,3133.2099609375,3141.6298828125,3141.6298828125,3257650000,0.002908158040315856
2019-12-12,3141.22998046875,3176.280029296875,3138.469970703125,3168.570068359375,3168.570068359375,4003200000,0.008575225775086182
2019-12-13,3166.64990234375,3182.679931640625,3156.510009765625,3168.800048828125,3168.800048828125,3757650000,7.258178414493166e-05
2019-12-16,3183.6298828125,3197.7099609375,3183.6298828125,3191.449951171875,3191.449951171875,4070200000,0.007147785279833618
2019-12-17,3195.39990234375,3198.219970703125,3191.030029296875,3192.52001953125,3192.52001953125,3842940000,0.00033529222633799094
2019-12-18,3195.2099609375,3198.47998046875,3191.139892578125,3191.139892578125,3191.139892578125,4029950000,-0.00043230017186479675
2019-12-19,3192.320068359375,3205.47998046875,3192.320068359375,3205.3701171875,3205.3701171875,3784360000,0.004459292004863613
2019-12-20,3223.330078125,3225.64990234375,3216.030029296875,3221.219970703125,3221.219970703125,6457480000,0.004944781081796634
2019-12-23,3226.050048828125,3227.780029296875,3222.300048828125,3224.010009765625,3224.010009765625,3064530000,0.0008661436002121992
2019-12-24,3225.449951171875,3226.429931640625,3220.510009765625,3223.3798828125,3223.3798828125,1296530000,-0.00019544819997963092
2019-12-26,3227.199951171875,3240.080078125,3227.199951171875,3239.909912109375,3239.909912109375,2164540000,0.005128166675301138
2019-12-27,3247.22998046875,3247.929931640625,3234.3701171875,3240.02001953125,3240.02001953125,2429150000,3.398471712534601e-05
2019-12-30,3240.090087890625,3240.919921875,3216.570068359375,3221.2900390625,3221.2900390625,3021720000,-0.005780822450430323
2019-12-31,3215.179931640625,3231.719970703125,3212.030029296875,3230.780029296875,3230.780029296875,2894760000,0.0029460216619106028
2020-01-02,3244.669921875,3258.139892578125,3235.530029296875,3257.85009765625,3257.85009765625,3459930000,0.008378802677341701
2020-01-03,3226.360107421875,3246.14990234375,3222.340087890625,3234.85009765625,3234.85009765625,3484700000,-0.007059870562045378
2020-01-06,3217.550048828125,3246.840087890625,3214.639892578125,3246.280029296875,3246.280029296875,3702460000,0.0035333728907271933
2020-01-07,3241.860107421875,3244.909912109375,3232.429931640625,3237.179931640625,3237.179931640625,3435910000,-0.0028032386528962228
2020-01-08,3238.590087890625,3267.070068359375,3236.669921875,3253.050048828125,3253.050048828125,3726840000,0.004902451368978156
2020-01-09,3266.030029296875,3275.580078125,3263.669921875,3274.699951171875,3274.699951171875,3641230000,0.006655262605488987
2020-01-10,3281.81005859375,3282.989990234375,3260.860107421875,3265.35009765625,3265.35009765625,3214580000,-0.002855178689662563
2020-01-13,3271.1298828125,3288.1298828125,3268.429931640625,3288.1298828125,3288.1298828125,3459390000,0.006976215252569862
2020-01-14,3285.35009765625,3294.25,3277.18994140625,3283.14990234375,3283.14990234375,3687620000,-0.001514532772802224
2020-01-15,3282.27001953125,3298.659912109375,3280.68994140625,3289.2900390625,3289.2900390625,3721490000,0.0018701968845122874
2020-01-16,3302.969970703125,3317.110107421875,3302.820068359375,3316.81005859375,3316.81005859375,3540580000,0.00836655302646827
2020-01-17,3323.659912109375,3329.8798828125,3318.860107421875,3329.6201171875,3329.6201171875,3726220000,0.003862162248501333
2020-01-21,3321.030029296875,3329.7900390625,3316.610107421875,3320.7900390625,3320.7900390625,4104840000,-0.0026519776473655776
2020-01-22,3330.02001953125,3337.77001953125,3320.0400390625,3321.75,3321.75,3623780000,0.0002890760711180551
2020-01-23,3315.77001953125,3326.8798828125,3301.8701171875,3325.5400390625,3325.5400390625,3766710000,0.0011409766124783616
2020-01-24,3333.10009765625,3333.179931640625,3281.530029296875,3295.469970703125,3295.469970703125,3708780000,-0.009042160974207403
2020-01-27,3247.159912109375,3258.85009765625,3234.5,3243.6298828125,3243.6298828125,3831050000,-0.015730711659182384
2020-01-28,3255.35009765625,3285.780029296875,3253.219970703125,3276.239990234375,3276.239990234375,3531570000,0.010053584595046017
2020-01-29,3289.4599609375,3293.469970703125,3271.889892578125,3273.39990234375,3273.39990234375,3600250000,-0.0008668741908683941
2020-01-30,3256.449951171875,3285.909912109375,3242.800048828125,3283.659912109375,3283.659912109375,3790350000,0.003134358792605374
2020-01-31,3282.330078125,3282.330078125,3214.679931640625,3225.52001953125,3225.52001953125,4529700000,-0.01770582037552626
2020-02-03,3235.659912109375,3268.43994140625,3235.659912109375,3248.919921875,3248.919921875,3760460000,0.007254613892351713
2020-02-04,3280.610107421875,3306.919921875,3280.610107421875,3297.590087890625,3297.590087890625,3996900000,0.014980414164082134
2020-02-05,3324.909912109375,3337.580078125,3313.75,3334.68994140625,3334.68994140625,4121480000,0.01125059589785371
2020-02-06,3344.919921875,3347.9599609375,3334.389892578125,3345.780029296875,3345.780029296875,3887250000,0.003325672876785646
2020-02-07,3335.5400390625,3341.419921875,3322.1201171875,3327.7099609375,3327.7099609375,3733920000,-0.005400853672730133
2020-02-10,3318.280029296875,3352.260009765625,3317.77001953125,3352.090087890625,3352.090087890625,3462730000,0.007326397804890528
2020-02-11,3365.8701171875,3375.6298828125,3352.719970703125,3357.75,3357.75,3762940000,0.0016884725532351208
2020-02-12,3370.5,3381.469970703125,3369.719970703125,3379.449951171875,3379.449951171875,3930910000,0.006462646466197652
2020-02-13,3365.89990234375,3385.090087890625,3360.52001953125,3373.93994140625,3373.93994140625,3500890000,-0.0016304457368023773
2020-02-14,3378.080078125,3380.68994140625,3366.14990234375,3380.159912109375,3380.159912109375,3419700000,0.0018435333204338544
2020-02-18,3369.0400390625,3375.010009765625,3355.610107421875,3370.2900390625,3370.2900390625,3750400000,-0.002919942636890105
2020-02-19,3380.389892578125,3393.52001953125,3378.830078125,3386.14990234375,3386.14990234375,3614200000,0.004705785881164548
2020-02-20,3380.449951171875,3389.14990234375,3341.02001953125,3373.22998046875,3373.22998046875,4019180000,-0.00381551976362815
2020-02-21,3360.5,3360.760009765625,3328.449951171875,3337.75,3337.75,3908780000,-0.01051810302712286
2020-02-24,3257.610107421875,3259.81005859375,3214.64990234375,3225.889892578125,3225.889892578125,4851160000,-0.03351362667122315
2020-02-25,3238.93994140625,3246.989990234375,3118.77001953125,3128.2099609375,3128.2099609375,5596760000,-0.030279995565056117
2020-02-26,3139.89990234375,3182.510009765625,3108.989990234375,3116.389892578125,3116.389892578125,5484650000,-0.0037785406053220116
2020-02-27,3062.5400390625,3097.070068359375,2977.389892578125,2978.760009765625,2978.760009765625,7064710000,-0.04416324258407911
2020-02-28,2916.89990234375,2959.719970703125,2855.840087890625,2954.219970703125,2954.219970703125,8569570000,-0.008238340444361891
2020-03-02,2974.280029296875,3090.9599609375,2945.18994140625,3090.22998046875,3090.22998046875,6381330000,0.046039229006110016
2020-03-03,3096.4599609375,3136.719970703125,2976.6298828125,3003.3701171875,3003.3701171875,6376510000,-0.028107896121075893
2020-03-04,3045.75,3130.969970703125,3034.3798828125,3130.1201171875,3130.1201171875,5073020000,0.04220259077449118
2020-03-05,3075.699951171875,3083.0400390625,2999.830078125,3023.93994140625,3023.93994140625,5579290000,-0.033922077046888544
2020-03-06,2954.199951171875,2985.929931640625,2901.5400390625,2972.3701171875,2972.3701171875,6555240000,-0.01705385200037013
2020-03-09,2863.889892578125,2863.889892578125,2734.429931640625,2746.56005859375,2746.56005859375,8441290000,-0.07596969747745097
2020-03-10,2813.47998046875,2882.590087890625,2734.0,2882.22998046875,2882.22998046875,7642040000,0.04939630628156144
2020-03-11,2825.60009765625,2825.60009765625,2707.219970703125,2741.3798828125,2741.3798828125,7431200000,-0.048868445131273974
2020-03-12,2630.860107421875,2660.949951171875,2478.860107421875,2480.639892578125,2480.639892578125,8850810000,-0.09511268097833658
2020-03-13,2569.989990234375,2711.330078125,2492.3701171875,2711.02001953125,2711.02001953125,8299070000,0.09287124972971839
2020-03-16,2508.590087890625,2562.97998046875,2380.93994140625,2386.1298828125,2386.1298828125,7805450000,-0.11984055240393443
2020-03-17,2425.659912109375,2553.929931640625,2367.0400390625,2529.18994140625,2529.18994140625,8370250000,0.05995484974402432
2020-03-18,2436.5,2453.570068359375,2280.52001953125,2398.10009765625,2398.10009765625,8799300000,-0.051830762729157875
2020-03-19,2393.47998046875,2466.969970703125,2319.780029296875,2409.389892578125,2409.389892578125,7956100000,0.0047078080405855705
